Dates,NEWS_SENTIMENT_DAILY_AVG,TWITTER_SENTIMENT_DAILY_AVG,PX_OPEN,sentiment_label
2015-01-01,-0.0321,-0.0029,46.73,negative
2015-01-02,0.0204,-0.0004,46.66,positive
2015-01-05,0.1221,-0.0004,46.37,positive
2015-01-06,0.1305,0.0004,46.38,positive
2015-01-07,-0.2672,-0.0029,45.98,negative
2015-01-08,0.1183,-0.0007,46.75,positive
2015-01-09,0.1179,0.0011,47.61,positive
2015-01-12,0.0884,-0.0001,47.42,positive
2015-01-13,0.1204,0.0008,46.97,positive
2015-01-14,0.0951,0.0005,45.96,positive
2015-01-15,0.043,-0.0006,46.22,positive
2015-01-16,0.1247,-0.0226,45.31,positive
2015-01-19,0.0417,-0.2376,45.31,positive
2015-01-20,-0.035,-0.055,46.3,negative
2015-01-21,0.156,-0.0021,45.94,positive
2015-01-22,0.0579,0.0001,46.38,positive
2015-01-23,0.044,-0.0015,47.36,positive
2015-01-26,0.0534,0.0013,47.0,positive
2015-01-27,0.1952,-0.2361,42.95,positive
2015-01-28,-0.3933,-0.152,42.74,negative
2015-01-29,-0.1518,0.0031,40.93,negative
2015-01-30,0.0732,0.0039,41.55,positive
2015-02-02,0.009,0.0005,40.59,positive
2015-02-03,0.0604,0.001,41.63,positive
2015-02-04,0.0344,-0.0026,41.94,positive
2015-02-05,0.1289,0.033,42.22,positive
2015-02-06,0.0425,0.0034,42.68,positive
2015-02-09,0.1374,0.0116,42.24,positive
2015-02-10,0.1822,0.0708,42.74,positive
2015-02-11,0.1501,-0.0462,42.65,positive
2015-02-12,0.0591,0.0011,42.66,positive
2015-02-13,0.074,0.003,43.38,positive
2015-02-16,0.0554,0.0024,43.38,positive
2015-02-17,0.0564,-0.0002,43.97,positive
2015-02-18,0.0867,-0.0004,43.63,positive
2015-02-19,0.1052,0.0001,43.18,positive
2015-02-20,0.0983,0.0004,43.51,positive
2015-02-23,0.1989,0.0003,43.7,positive
2015-02-24,0.0368,0.0012,44.15,positive
2015-02-25,0.1237,0.0005,43.95,positive
2015-02-26,0.0318,-0.0033,43.99,positive
2015-02-27,0.0368,-0.0161,44.13,positive
2015-03-02,0.0368,0.0006,43.67,positive
2015-03-03,0.0368,0.0006,43.56,positive
2015-03-04,0.0263,-0.0421,43.01,positive
2015-03-05,0.225,-0.0009,43.07,positive
2015-03-06,-0.2404,-0.0147,43.0,negative
2015-03-09,0.3163,-0.0109,42.19,positive
2015-03-10,0.0113,-0.0043,42.35,positive
2015-03-11,0.0582,-0.0017,42.31,positive
2015-03-12,0.2456,-0.0259,41.33,positive
2015-03-13,0.0891,-0.0012,40.7,positive
2015-03-16,0.1756,0.0012,41.47,positive
2015-03-17,0.0586,0.0004,41.37,positive
2015-03-18,0.0734,0.0001,41.43,positive
2015-03-19,0.0859,-0.0018,42.26,positive
2015-03-20,0.0492,0.0003,42.56,positive
2015-03-23,0.0861,-0.0035,42.88,positive
2015-03-24,0.1081,0.0012,42.78,positive
2015-03-25,0.1071,-0.0004,42.92,positive
2015-03-26,0.0616,-0.0004,41.22,positive
2015-03-27,0.0309,0.0004,41.12,positive
2015-03-30,0.0129,-0.0019,41.1,positive
2015-03-31,0.0963,-0.0019,40.78,positive
2015-04-01,0.0273,-0.0004,40.6,positive
2015-04-02,0.0779,-0.0007,40.66,positive
2015-04-03,0.0477,-0.001,40.66,positive
2015-04-06,0.0487,0.0021,40.34,positive
2015-04-07,0.1795,0.0064,41.61,positive
2015-04-08,0.0654,0.0016,41.46,positive
2015-04-09,0.0668,-0.0003,41.25,positive
2015-04-10,0.0638,-0.0024,41.63,positive
2015-04-13,0.0912,0.0008,41.4,positive
2015-04-14,0.0554,-0.0006,41.8,positive
2015-04-15,0.0882,-0.0013,41.76,positive
2015-04-16,0.1127,0.0005,41.95,positive
2015-04-17,0.2031,0.0002,41.67,positive
2015-04-20,0.0371,-0.0002,41.73,positive
2015-04-21,0.0745,0.0009,43.0,positive
2015-04-22,0.1221,-0.0011,42.67,positive
2015-04-23,0.0818,0.0008,42.89,positive
2015-04-24,0.35,0.3616,45.66,positive
2015-04-27,0.1343,0.0029,47.23,positive
2015-04-28,0.089,0.006,47.78,positive
2015-04-29,0.1064,0.0095,48.72,positive
2015-04-30,0.0688,0.0012,48.7,positive
2015-05-01,0.0595,0.0009,48.58,positive
2015-05-04,0.0252,0.0,48.37,positive
2015-05-05,0.0406,0.0003,47.82,positive
2015-05-06,0.0698,0.0026,47.57,positive
2015-05-07,0.1231,0.0018,46.27,positive
2015-05-08,0.0593,0.0012,47.55,positive
2015-05-11,0.0547,0.0001,47.55,positive
2015-05-12,0.1191,0.0011,46.85,positive
2015-05-13,0.0756,0.0056,48.19,positive
2015-05-14,0.1709,0.0546,48.0301,positive
2015-05-15,0.0552,0.0061,48.87,positive
2015-05-18,0.0558,0.0022,47.98,positive
2015-05-19,0.0317,0.0012,47.56,positive
2015-05-20,0.0414,0.0003,47.39,positive
2015-05-21,0.0785,-0.0028,47.28,positive
2015-05-22,0.0382,-0.0013,47.3,positive
2015-05-25,0.0334,0.002,47.3,positive
2015-05-26,0.0725,-0.0116,46.83,positive
2015-05-27,0.0973,0.0011,46.82,positive
2015-05-28,0.0909,0.0039,47.5,positive
2015-05-29,0.0607,-0.0005,47.43,positive
2015-06-01,0.0184,0.0,47.06,positive
2015-06-02,0.0418,0.0006,46.93,positive
2015-06-03,0.1062,0.0004,47.37,positive
2015-06-04,0.095,0.0014,46.79,positive
2015-06-05,0.0728,0.0007,46.31,positive
2015-06-08,0.0745,-0.0007,46.3,positive
2015-06-09,0.0599,0.001,45.76,positive
2015-06-10,0.0813,0.002,45.79,positive
2015-06-11,0.0556,0.0005,46.66,positive
2015-06-12,0.0997,0.0006,46.22,positive
2015-06-15,0.0286,-0.0004,45.45,positive
2015-06-16,0.0329,-0.0004,45.35,positive
2015-06-17,0.0394,0.0008,45.73,positive
2015-06-18,0.1184,0.0001,46.22,positive
2015-06-19,0.0842,-0.0006,46.79,positive
2015-06-22,0.0201,0.0001,46.33,positive
2015-06-23,0.0728,0.0009,46.13,positive
2015-06-24,0.0579,0.0013,45.67,positive
2015-06-25,0.0947,-0.0042,46.03,positive
2015-06-26,0.0406,-0.0065,45.65,positive
2015-06-29,0.0201,-0.0005,45.04,positive
2015-06-30,0.1136,-0.0134,44.71,positive
2015-07-01,0.1052,-0.0014,44.46,positive
2015-07-02,0.1017,-0.0011,44.48,positive
2015-07-03,0.0562,-0.0313,44.48,positive
2015-07-06,0.0886,0.0005,43.96,positive
2015-07-07,0.0533,-0.0011,44.34,positive
2015-07-08,0.0767,-0.715,44.44,positive
2015-07-09,0.2385,-0.5399,44.75,positive
2015-07-10,0.0846,-0.0387,45.01,positive
2015-07-13,0.0284,-0.0019,44.975,positive
2015-07-14,0.1002,0.0004,45.45,positive
2015-07-15,0.0698,-0.0008,45.68,positive
2015-07-16,0.0409,-0.0024,46.01,positive
2015-07-17,0.0409,0.0016,46.55,positive
2015-07-20,0.1086,0.0014,46.65,positive
2015-07-21,0.0966,-0.0063,46.78,positive
2015-07-22,0.2559,-0.6129,45.44,positive
2015-07-23,-0.0968,-0.0811,45.27,negative
2015-07-24,0.0364,-0.0207,45.91,positive
2015-07-27,0.0539,0.0124,45.94,positive
2015-07-28,0.0588,-0.0016,45.58,positive
2015-07-29,0.0588,-0.0004,45.4,positive
2015-07-30,0.0588,0.0008,46.26,positive
2015-07-31,0.047,-0.0057,47.29,positive
2015-08-03,0.0533,0.0068,46.98,positive
2015-08-04,0.1025,0.0052,46.75,positive
2015-08-05,0.0512,0.0009,47.98,positive
2015-08-06,0.0718,-0.0028,47.71,positive
2015-08-07,0.0234,0.0089,46.39,positive
2015-08-10,0.0284,0.0322,46.95,positive
2015-08-11,0.051,0.0011,46.82,positive
2015-08-12,0.02,0.0004,46.19,positive
2015-08-13,0.0729,0.0011,47.06,positive
2015-08-14,0.061,0.0073,46.53,positive
2015-08-17,0.037,-0.0434,46.81,positive
2015-08-18,0.0583,-0.0005,46.84,positive
2015-08-19,0.0197,0.0005,46.78,positive
2015-08-20,0.0571,-0.0004,46.07,positive
2015-08-21,0.0233,-0.0179,45.3,positive
2015-08-24,-0.0194,-0.0113,40.45,negative
2015-08-25,0.0371,-0.0056,42.565,positive
2015-08-26,0.0569,0.0005,42.01,positive
2015-08-27,0.0774,0.0022,43.23,positive
2015-08-28,0.0401,0.0007,43.4,positive
2015-08-31,0.1035,-0.0005,43.56,positive
2015-09-01,0.1282,-0.0009,42.17,positive
2015-09-02,0.0996,0.0002,42.36,positive
2015-09-03,0.0424,0.0021,43.41,positive
2015-09-04,0.0486,0.0017,42.81,positive
2015-09-07,0.1107,0.0001,42.81,positive
2015-09-08,0.0921,0.0001,43.3,positive
2015-09-09,0.2538,0.0009,44.21,positive
2015-09-10,0.0384,0.0002,43.12,positive
2015-09-11,0.0408,0.0002,43.14,positive
2015-09-14,0.0149,0.0001,43.43,positive
2015-09-15,0.0765,0.0001,43.19,positive
2015-09-16,0.3612,0.0054,43.97,positive
2015-09-17,0.0858,-0.0369,44.29,positive
2015-09-18,0.0354,-0.004,43.5,positive
2015-09-21,0.0354,-0.0042,43.62,positive
2015-09-22,0.0623,0.003,43.38,positive
2015-09-23,0.1311,0.0047,43.93,positive
2015-09-24,0.077,0.0088,43.45,positive
2015-09-25,0.0538,0.0066,44.48,positive
2015-09-28,0.0817,0.0002,43.83,positive
2015-09-29,0.1736,-0.0019,43.37,positive
2015-09-30,0.1579,0.0001,43.88,positive
2015-10-01,0.1892,-0.0141,44.75,positive
2015-10-02,0.1391,-0.0011,44.27,positive
2015-10-05,0.1202,-0.01,45.745,positive
2015-10-06,0.1748,-0.0006,46.33,positive
2015-10-07,0.1443,0.0,47.1,positive
2015-10-08,0.0799,-0.0003,46.56,positive
2015-10-09,0.107,-0.0013,47.45,positive
2015-10-12,0.0948,-0.0085,46.98,positive
2015-10-13,0.1153,0.0004,46.56,positive
2015-10-14,0.1134,0.0012,46.65,positive
2015-10-15,0.048,0.0006,47.01,positive
2015-10-16,0.0639,0.001,47.02,positive
2015-10-19,0.1299,0.0028,47.42,positive
2015-10-20,0.1474,-0.0024,47.44,positive
2015-10-21,0.2134,0.0006,47.92,positive
2015-10-22,0.1176,0.0005,47.53,positive
2015-10-23,0.5559,0.2774,52.3,positive
2015-10-26,0.1711,0.001,52.53,positive
2015-10-27,0.1104,0.0009,53.99,positive
2015-10-28,0.0412,0.0037,53.54,positive
2015-10-29,0.0621,-0.0068,53.54,positive
2015-10-30,0.1134,0.002,53.32,positive
2015-11-02,0.0275,-0.0275,52.85,positive
2015-11-03,0.1028,-0.1158,52.93,positive
2015-11-04,0.0967,-0.0123,54.18,positive
2015-11-05,0.0576,-0.0039,54.49,positive
2015-11-06,0.1055,-0.002,54.085,positive
2015-11-09,0.0618,-0.0119,54.55,positive
2015-11-10,0.1509,0.0035,54.07,positive
2015-11-11,0.1204,0.0002,53.7,positive
2015-11-12,0.0553,0.0001,53.48,positive
2015-11-13,0.0664,0.0005,53.07,positive
2015-11-16,0.0896,-0.0009,53.08,positive
2015-11-17,0.0832,0.0006,53.17,positive
2015-11-18,0.0643,0.0023,53.0,positive
2015-11-19,0.13,0.0008,53.99,positive
2015-11-20,0.0613,-0.0008,54.25,positive
2015-11-23,0.1408,-0.0013,54.25,positive
2015-11-24,0.0738,-0.0075,53.92,positive
2015-11-25,0.045,-0.0106,54.09,positive
2015-11-26,0.1136,-0.0029,54.09,positive
2015-11-27,0.0246,-0.0014,53.8,positive
2015-11-30,0.1463,0.0035,54.54,positive
2015-12-01,0.128,0.0018,54.41,positive
2015-12-02,0.1247,0.0022,55.32,positive
2015-12-03,0.0652,0.0006,55.49,positive
2015-12-04,0.0527,0.0007,54.12,positive
2015-12-07,0.0467,-0.0113,55.79,positive
2015-12-08,0.0827,0.0047,55.47,positive
2015-12-09,0.0348,0.0005,55.37,positive
2015-12-10,0.0441,-0.0054,55.39,positive
2015-12-11,0.0357,0.001,54.71,positive
2015-12-14,0.0873,-0.0002,54.33,positive
2015-12-15,0.0941,0.0003,55.66,positive
2015-12-16,0.0956,0.0006,55.54,positive
2015-12-17,0.0674,0.0004,56.36,positive
2015-12-18,0.1139,0.0009,55.77,positive
2015-12-21,0.2126,0.0208,54.88,positive
2015-12-22,0.1682,0.0072,54.99,positive
2015-12-23,0.1091,0.0022,55.7,positive
2015-12-24,0.0623,0.0013,55.86,positive
2015-12-25,0.0164,0.0003,55.86,positive
2015-12-28,0.2094,0.0008,55.35,positive
2015-12-29,0.1422,0.0002,56.29,positive
2015-12-30,0.1588,0.0014,56.47,positive
2015-12-31,-0.0592,-0.1518,56.04,negative
2016-01-01,-0.0285,-0.1166,56.04,negative
2016-01-04,-0.0008,-0.0115,54.32,negative
2016-01-05,-0.0038,-0.0121,54.93,negative
2016-01-06,-0.0115,-0.0045,54.32,negative
2016-01-07,-0.0007,-0.0092,52.7,negative
2016-01-08,0.0,-0.002,52.37,neutral
2016-01-11,0.0,-0.0028,52.51,neutral
2016-01-12,0.0001,-0.0042,52.76,neutral
2016-01-13,-0.0052,0.0005,53.8,negative
2016-01-14,0.0015,-0.0052,52.0,positive
2016-01-15,-0.0001,-0.0022,51.31,neutral
2016-01-18,-0.0055,-0.008,51.31,negative
2016-01-19,-0.0002,-0.0005,51.48,negative
2016-01-20,0.0,-0.0027,49.98,neutral
2016-01-21,0.0,0.0015,51.0,neutral
2016-01-22,0.0,0.0006,51.41,neutral
2016-01-25,0.0003,-0.0047,51.94,neutral
2016-01-26,-0.0002,-0.0017,51.79,negative
2016-01-27,0.0005,0.0004,52.01,neutral
2016-01-28,0.0003,-0.0236,51.86,neutral
2016-01-29,0.1317,0.3547,54.73,positive
2016-02-01,0.001,-0.0028,54.88,positive
2016-02-02,0.0004,0.0012,54.17,neutral
2016-02-03,-0.0002,0.0075,53.25,negative
2016-02-04,0.0003,0.0026,52.1,neutral
2016-02-05,-0.0004,-0.002,51.94,negative
2016-02-08,-0.0002,0.0026,49.55,negative
2016-02-09,-0.0006,-0.0053,49.02,negative
2016-02-10,0.0,0.0019,49.89,neutral
2016-02-11,-0.0004,0.0043,48.68,negative
2016-02-12,-0.0001,0.0031,50.25,neutral
2016-02-15,-0.0001,0.0008,50.25,neutral
2016-02-16,0.0,-0.0238,50.9,neutral
2016-02-17,0.0001,-0.0007,51.49,neutral
2016-02-18,0.0,0.0004,52.33,neutral
2016-02-19,0.0,0.0004,51.97,neutral
2016-02-22,0.0,0.0004,52.28,neutral
2016-02-23,-0.0003,-0.005,52.34,negative
2016-02-24,-0.0001,-0.0004,50.69,neutral
2016-02-25,0.0001,0.0006,51.73,neutral
2016-02-26,0.0001,0.0004,52.6,neutral
2016-02-29,-0.0001,-0.0002,51.35,neutral
2016-03-01,-0.0001,-0.0002,50.97,neutral
2016-03-02,0.0,-0.0002,52.41,neutral
2016-03-03,-0.0001,0.0002,52.97,neutral
2016-03-04,-0.0001,-0.0002,52.4,neutral
2016-03-07,-0.0001,0.0006,51.56,neutral
2016-03-08,0.0,-0.0002,50.8,neutral
2016-03-09,0.0,0.0004,51.89,neutral
2016-03-10,-0.0001,0.0001,52.93,neutral
2016-03-11,-0.0003,0.0004,53.0,negative
2016-03-14,0.0,0.0002,52.71,neutral
2016-03-15,-0.0001,0.0001,52.75,neutral
2016-03-16,0.0,-0.0005,53.45,neutral
2016-03-17,0.0001,0.0007,54.21,neutral
2016-03-18,0.0001,0.0006,54.92,neutral
2016-03-21,0.0003,0.0004,53.25,neutral
2016-03-22,0.0,-0.0047,53.61,neutral
2016-03-23,-0.0001,0.0005,54.11,neutral
2016-03-24,-0.0001,0.0017,53.84,neutral
2016-03-25,-0.0002,0.0015,53.84,negative
2016-03-28,-0.0002,0.0003,54.21,negative
2016-03-29,0.0004,0.0004,53.66,neutral
2016-03-30,0.0002,0.0004,54.93,neutral
2016-03-31,0.0,0.0001,54.95,neutral
2016-04-01,0.0,0.0024,55.05,neutral
2016-04-04,0.0,0.0003,55.43,neutral
2016-04-05,0.0001,0.0001,55.19,neutral
2016-04-06,0.0,0.0002,54.36,neutral
2016-04-07,0.0,0.0002,54.87,neutral
2016-04-08,0.0,0.0002,54.67,neutral
2016-04-11,-0.0001,0.0001,54.49,neutral
2016-04-12,0.0,0.0001,54.37,neutral
2016-04-13,-0.0001,0.0007,55.12,neutral
2016-04-14,-0.0001,0.0002,55.22,neutral
2016-04-15,-0.0776,-0.1553,55.3,negative
2016-04-18,-0.0002,-0.0072,55.49,negative
2016-04-19,-0.007,-0.0162,56.63,negative
2016-04-20,-0.0012,-0.0006,56.29,negative
2016-04-21,0.0007,0.0004,55.8,neutral
2016-04-22,-0.2497,-0.3757,51.91,negative
2016-04-25,-0.0071,-0.0088,51.78,negative
2016-04-26,-0.0022,0.0013,52.26,negative
2016-04-27,-0.0005,-0.0034,51.48,negative
2016-04-28,-0.0004,-0.0005,50.62,negative
2016-04-29,-0.0009,0.0003,49.35,negative
2016-05-02,-0.0004,-0.003,50.0,negative
2016-05-03,-0.0005,0.0015,50.34,negative
2016-05-04,-0.0001,0.003,49.84,neutral
2016-05-05,0.0002,-0.0028,49.87,neutral
2016-05-06,-0.0001,-0.0106,49.92,neutral
2016-05-09,0.0,-0.001,50.49,neutral
2016-05-10,-0.0004,0.0319,50.33,negative
2016-05-11,-0.0004,0.0024,51.13,negative
2016-05-12,0.0,-0.0023,51.2,neutral
2016-05-13,-0.0003,0.0055,51.44,negative
2016-05-16,0.0001,0.0557,50.8,neutral
2016-05-17,0.0001,0.0018,51.72,neutral
2016-05-18,0.0,0.0006,50.48,neutral
2016-05-19,0.0,0.0001,50.47,neutral
2016-05-20,-0.0001,-0.0003,50.48,neutral
2016-05-23,0.0001,0.0004,50.6,neutral
2016-05-24,0.0006,0.0283,50.7,neutral
2016-05-25,0.0004,-0.0545,51.92,neutral
2016-05-26,0.0001,-0.071,51.93,neutral
2016-05-27,-0.0006,-0.0127,51.92,negative
2016-05-30,-0.0006,-0.0007,51.92,negative
2016-05-31,-0.0007,-0.003,52.26,negative
2016-06-01,-0.0004,0.0015,52.44,negative
2016-06-02,-0.0005,0.001,52.64,negative
2016-06-03,0.0003,0.005,52.38,neutral
2016-06-06,0.0,-0.0053,51.99,neutral
2016-06-07,0.0,0.0002,52.24,neutral
2016-06-08,0.0,0.0009,52.02,neutral
2016-06-09,0.0,0.0024,52.0,neutral
2016-06-10,-0.0001,0.0012,51.05,neutral
2016-06-13,0.0001,0.596,49.58,neutral
2016-06-14,0.0065,0.3606,49.9,positive
2016-06-15,0.0011,0.0273,49.78,positive
2016-06-16,0.0005,0.004,49.52,neutral
2016-06-17,0.0001,0.0074,50.41,neutral
2016-06-20,-0.0002,0.0012,50.64,negative
2016-06-21,-0.0001,0.0004,50.2,neutral
2016-06-22,0.0001,0.0006,51.08,neutral
2016-06-23,-0.0001,0.0004,51.28,neutral
2016-06-24,0.0,0.0003,49.81,neutral
2016-06-27,-0.0001,0.0004,49.1,neutral
2016-06-28,-0.0064,0.0044,48.92,negative
2016-06-29,-0.0055,-0.0029,49.91,negative
2016-06-30,-0.0028,0.0005,50.72,negative
2016-07-01,0.0,0.0003,51.13,neutral
2016-07-04,-0.0011,0.0052,51.13,negative
2016-07-05,-0.0003,0.0003,50.83,negative
2016-07-06,-0.0003,-0.0028,50.78,negative
2016-07-07,0.0,-0.0019,51.42,neutral
2016-07-08,0.0,0.0001,51.73,neutral
2016-07-11,0.0001,-0.0002,52.5,neutral
2016-07-12,0.001,-0.0158,52.94,positive
2016-07-13,0.0006,0.0005,53.56,neutral
2016-07-14,0.0001,0.0005,53.84,neutral
2016-07-15,-0.0019,-0.0002,53.95,negative
2016-07-18,-0.0002,0.0007,53.7,negative
2016-07-19,0.0006,0.0006,53.71,neutral
2016-07-20,0.1659,0.3745,56.15,positive
2016-07-21,0.1404,0.051,55.98,positive
2016-07-22,0.0014,0.005,56.08,positive
2016-07-25,-0.0005,-0.0257,56.47,negative
2016-07-26,-0.0002,0.0033,56.52,negative
2016-07-27,-0.0003,0.0008,56.61,negative
2016-07-28,-0.0002,0.0058,56.0,negative
2016-07-29,-0.0017,-0.1966,56.26,negative
2016-08-01,0.0009,-0.0016,56.6,positive
2016-08-02,0.0002,0.0089,56.85,neutral
2016-08-03,0.0001,0.0059,56.68,neutral
2016-08-04,0.0002,-0.0014,56.8,neutral
2016-08-05,0.0014,0.0127,57.65,positive
2016-08-08,0.0001,-0.0093,58.055,neutral
2016-08-09,-0.0001,0.0006,58.17,neutral
2016-08-10,0.0008,0.0004,58.16,neutral
2016-08-11,0.0,0.0002,58.03,neutral
2016-08-12,0.0002,0.0002,58.03,neutral
2016-08-15,0.0,0.0004,58.01,neutral
2016-08-16,0.0004,-0.0016,57.61,neutral
2016-08-17,0.0,0.0027,57.54,neutral
2016-08-18,0.0,0.0018,57.42,neutral
2016-08-19,-0.0001,0.0001,57.43,neutral
2016-08-22,-0.0001,0.0002,57.6,neutral
2016-08-23,0.0,0.0014,57.9,neutral
2016-08-24,0.0004,0.0005,57.8,neutral
2016-08-25,0.0,-0.0002,57.88,neutral
2016-08-26,0.0,0.0002,58.28,neutral
2016-08-29,0.0,0.001,58.18,neutral
2016-08-30,0.0007,0.0018,57.98,neutral
2016-08-31,0.0001,0.0001,57.65,neutral
2016-09-01,-0.0001,-0.0004,57.01,neutral
2016-09-02,0.0001,-0.0008,57.67,neutral
2016-09-05,-0.0096,-0.0028,57.67,negative
2016-09-06,-0.0064,-0.0002,57.78,negative
2016-09-07,-0.0006,-0.0004,57.47,negative
2016-09-08,0.0,0.0001,57.63,neutral
2016-09-09,0.0,-0.0002,56.79,neutral
2016-09-12,0.0,-0.0003,56.0,neutral
2016-09-13,0.0,0.0006,56.5,neutral
2016-09-14,0.0,0.0003,56.39,neutral
2016-09-15,0.0,0.0004,56.15,neutral
2016-09-16,0.0001,0.0014,57.63,neutral
2016-09-19,0.0001,-0.0199,57.27,neutral
2016-09-20,0.0,-0.0128,57.35,neutral
2016-09-21,0.1037,0.1397,57.51,positive
2016-09-22,0.0123,0.0059,57.92,positive
2016-09-23,0.0004,-0.0027,57.87,neutral
2016-09-26,0.0001,0.0002,57.08,neutral
2016-09-27,0.0,0.0002,56.93,neutral
2016-09-28,0.0001,0.0004,57.88,neutral
2016-09-29,0.0001,0.0004,57.81,neutral
2016-09-30,-0.0002,0.0002,57.57,negative
2016-10-03,0.0001,0.0424,57.405,neutral
2016-10-04,-0.0017,-0.0071,57.27,negative
2016-10-05,-0.0001,0.0008,57.29,neutral
2016-10-06,0.0003,0.0005,57.74,neutral
2016-10-07,0.0,0.0007,57.85,neutral
2016-10-10,0.0,0.0003,57.91,neutral
2016-10-11,0.0001,0.0014,57.89,neutral
2016-10-12,-0.0002,0.0007,57.11,negative
2016-10-13,0.0,0.001,56.7,neutral
2016-10-14,0.0,0.0007,57.12,neutral
2016-10-17,0.0001,0.0028,57.36,neutral
2016-10-18,-0.0039,-0.0005,57.53,negative
2016-10-19,-0.0007,0.0001,57.47,negative
2016-10-20,0.0007,0.0006,57.5,neutral
2016-10-21,0.2697,0.5648,60.28,positive
2016-10-24,0.004,0.0597,59.94,positive
2016-10-25,0.0039,0.0384,60.85,positive
2016-10-26,0.0009,0.0014,60.81,positive
2016-10-27,-0.0007,-0.0006,60.61,negative
2016-10-28,0.0009,0.0089,60.01,positive
2016-10-31,-0.0014,0.0003,60.16,negative
2016-11-01,0.0005,-0.0004,59.97,neutral
2016-11-02,-0.0001,-0.4124,59.82,neutral
2016-11-03,0.0,-0.0139,59.53,neutral
2016-11-04,-0.0003,0.0019,58.65,negative
2016-11-07,-0.0008,0.0007,59.78,negative
2016-11-08,-0.0037,0.0011,60.55,negative
2016-11-09,0.0,0.0004,60.0,neutral
2016-11-10,-0.0004,0.0004,60.48,negative
2016-11-11,-0.0112,-0.0033,58.23,negative
2016-11-14,-0.0056,0.0006,59.02,negative
2016-11-15,-0.0017,-0.0035,58.33,negative
2016-11-16,-0.0002,0.0015,58.94,negative
2016-11-17,0.0002,0.0012,60.41,neutral
2016-11-18,0.0008,0.0053,60.78,neutral
2016-11-21,-0.0003,-0.0011,60.5,negative
2016-11-22,0.0001,0.0014,60.98,neutral
2016-11-23,0.0001,0.0006,61.01,neutral
2016-11-24,0.0029,0.001,61.01,positive
2016-11-25,0.002,-0.0164,60.3,positive
2016-11-28,0.0,-0.0012,60.34,neutral
2016-11-29,0.0001,0.0004,60.65,neutral
2016-11-30,0.0001,0.0009,60.86,neutral
2016-12-01,0.0001,0.0004,60.11,neutral
2016-12-02,0.0001,0.0001,59.08,neutral
2016-12-05,-0.0001,0.004,59.7,neutral
2016-12-06,0.0,0.0002,60.43,neutral
2016-12-07,0.0019,0.0086,60.01,positive
2016-12-08,0.0,0.0005,61.3,neutral
2016-12-09,-0.0001,0.0049,61.18,neutral
2016-12-12,0.0,0.0008,61.82,neutral
2016-12-13,0.0002,0.0018,62.5,neutral
2016-12-14,0.0,0.001,63.0,neutral
2016-12-15,0.0001,0.0005,62.7,neutral
2016-12-16,-0.0005,0.0012,62.95,negative
2016-12-19,0.0002,-0.0048,62.56,neutral
2016-12-20,-0.0002,0.0027,63.69,negative
2016-12-21,0.0001,0.001,63.43,neutral
2016-12-22,0.0004,0.0012,63.84,neutral
2016-12-23,0.001,-0.0006,63.45,positive
2016-12-26,0.0,0.001,63.45,neutral
2016-12-27,0.0002,0.0013,63.21,neutral
2016-12-28,0.0004,0.0013,63.4,neutral
2016-12-29,-0.0007,0.0013,62.86,negative
2016-12-30,-0.0015,-0.0005,62.96,negative
2017-01-02,-0.0329,0.0028,62.96,negative
2017-01-03,0.0649,0.0034,62.79,positive
2017-01-04,0.1774,0.0006,62.48,positive
2017-01-05,0.0609,0.0011,62.19,positive
2017-01-06,0.1586,0.0002,62.3,positive
2017-01-09,0.062,0.0003,62.76,positive
2017-01-10,0.1097,0.001,62.73,positive
2017-01-11,0.098,-0.0011,62.61,positive
2017-01-12,0.0801,-0.0173,63.06,positive
2017-01-13,-0.1158,-0.0015,62.62,negative
2017-01-16,0.1038,-0.0114,62.62,positive
2017-01-17,0.0324,-0.0016,62.68,positive
2017-01-18,0.0607,-0.0081,62.67,positive
2017-01-19,0.0758,0.0012,62.24,positive
2017-01-20,0.0525,-0.0008,62.67,positive
2017-01-23,0.0735,-0.0019,62.7,positive
2017-01-24,0.128,0.0017,63.2,positive
2017-01-25,0.0428,0.0004,63.95,positive
2017-01-26,0.1064,0.0283,64.12,positive
2017-01-27,0.7345,0.3326,65.39,positive
2017-01-30,0.2135,0.0131,65.69,positive
2017-01-31,0.079,0.0481,64.86,positive
2017-02-01,-0.0019,0.002,64.355,negative
2017-02-02,0.0018,-0.0107,63.25,positive
2017-02-03,-0.0003,0.0011,63.5,negative
2017-02-06,-0.0066,0.0022,63.5,negative
2017-02-07,0.0003,-0.0012,63.74,neutral
2017-02-08,0.0001,-0.0009,63.57,neutral
2017-02-09,-0.0026,0.0003,63.52,negative
2017-02-10,-0.0392,-0.005,64.25,negative
2017-02-13,-0.0025,0.0006,64.24,negative
2017-02-14,-0.0001,0.0007,64.41,neutral
2017-02-15,-0.0001,-0.0003,64.5,neutral
2017-02-16,-0.0002,0.0005,64.74,negative
2017-02-17,-0.0009,0.0205,64.47,negative
2017-02-20,0.0,0.0008,64.47,neutral
2017-02-21,0.0,0.0003,64.61,neutral
2017-02-22,0.0,-0.0017,64.33,neutral
2017-02-23,0.0,0.0004,64.42,neutral
2017-02-24,0.0,0.0007,64.53,neutral
2017-02-27,0.0,0.0002,64.54,neutral
2017-02-28,-0.0001,-0.0068,64.08,neutral
2017-03-01,-0.0005,-0.0246,64.13,negative
2017-03-02,-0.0001,-0.0019,64.69,neutral
2017-03-03,0.0,0.0102,63.99,neutral
2017-03-06,-0.0001,-0.0007,63.97,neutral
2017-03-07,0.0001,-0.0064,64.19,neutral
2017-03-08,-0.0001,-0.0133,64.26,neutral
2017-03-09,0.0002,-0.0004,65.19,neutral
2017-03-10,0.0004,-0.0036,65.11,neutral
2017-03-13,-0.0002,-0.0029,65.01,negative
2017-03-14,0.0001,-0.0012,64.53,neutral
2017-03-15,0.0,0.0,64.55,neutral
2017-03-16,0.0001,0.0003,64.75,neutral
2017-03-17,-0.0002,-0.0057,64.91,negative
2017-03-20,0.0007,0.0005,64.91,neutral
2017-03-21,0.001,0.0004,65.19,positive
2017-03-22,-0.0031,-0.0016,64.12,negative
2017-03-23,-0.0028,0.001,64.94,negative
2017-03-24,-0.0001,-0.0004,65.12,neutral
2017-03-27,-0.0081,-0.0089,64.63,negative
2017-03-28,-0.0079,-0.003,64.96,negative
2017-03-29,-0.001,0.0001,65.12,negative
2017-03-30,0.0,0.0002,65.42,neutral
2017-03-31,0.0,0.0003,65.65,neutral
2017-04-03,0.0329,-0.0004,65.81,positive
2017-04-04,0.0741,-0.0007,65.39,positive
2017-04-05,0.0959,0.0003,66.3,positive
2017-04-06,0.0397,0.0002,65.6,positive
2017-04-07,0.0408,0.0002,65.85,positive
2017-04-10,0.1638,0.0863,65.61,positive
2017-04-11,0.1482,0.0109,65.6,positive
2017-04-12,0.0276,0.0017,65.42,positive
2017-04-13,0.0312,0.0003,65.29,positive
2017-04-14,0.0661,0.0002,65.29,positive
2017-04-17,0.0462,-0.1291,65.04,positive
2017-04-18,0.059,-0.0022,65.33,positive
2017-04-19,0.054,0.0011,65.65,positive
2017-04-20,0.0291,-0.0006,65.46,positive
2017-04-21,0.0519,0.0006,65.67,positive
2017-04-24,0.3089,0.0004,67.48,positive
2017-04-25,0.2178,0.0008,67.9,positive
2017-04-26,0.0671,-0.0028,68.08,positive
2017-04-27,0.1795,-0.0345,68.15,positive
2017-04-28,0.5825,-0.1319,68.91,positive
2017-05-01,0.1035,-0.0221,68.68,positive
2017-05-02,0.0765,0.0014,69.71,positive
2017-05-03,0.0702,0.0002,69.38,positive
2017-05-04,0.0667,0.0004,69.03,positive
2017-05-05,0.0928,0.0002,68.9,positive
2017-05-08,0.0475,0.0028,68.97,positive
2017-05-09,0.0689,0.0006,68.86,positive
2017-05-10,0.0312,-0.0165,68.99,positive
2017-05-11,0.1118,-0.0001,68.36,positive
2017-05-12,0.058,-0.0008,68.61,positive
2017-05-15,0.0522,-0.5079,68.14,positive
2017-05-16,0.0331,-0.2802,68.23,positive
2017-05-17,0.0322,-0.01,68.89,positive
2017-05-18,0.0516,-0.0013,67.4,positive
2017-05-19,0.0893,-0.0002,67.5,positive
2017-05-22,0.0745,-0.0008,67.89,positive
2017-05-23,0.0798,0.0005,68.72,positive
2017-05-24,0.0767,0.0148,68.87,positive
2017-05-25,0.044,0.0034,68.97,positive
2017-05-26,0.0631,0.0005,69.8,positive
2017-05-29,0.1895,0.0203,69.8,positive
2017-05-30,0.082,0.0023,69.79,positive
2017-05-31,0.1541,0.0007,70.53,positive
2017-06-01,-0.0001,0.0006,70.24,neutral
2017-06-02,0.0,-0.0006,70.44,neutral
2017-06-05,-0.0022,0.0007,71.97,negative
2017-06-06,-0.0009,-0.0007,72.3,negative
2017-06-07,-0.0369,-0.0011,72.635,negative
2017-06-08,-0.001,0.0003,72.51,negative
2017-06-09,-0.0001,0.0013,72.035,neutral
2017-06-12,0.0,0.0001,69.25,neutral
2017-06-13,-0.0131,0.0004,70.02,negative
2017-06-14,-0.0009,-0.0023,70.91,negative
2017-06-15,-0.0002,-0.0009,69.27,negative
2017-06-16,-0.0003,0.0006,69.73,negative
2017-06-19,0.0009,-0.0014,70.5,positive
2017-06-20,0.0035,0.0026,70.82,positive
2017-06-21,-0.001,0.0002,70.21,negative
2017-06-22,-0.0025,-0.0018,70.54,negative
2017-06-23,-0.0013,-0.0007,70.09,negative
2017-06-26,-0.0008,-0.0002,71.4,negative
2017-06-27,-0.0004,-0.0226,70.11,negative
2017-06-28,-0.0004,0.0013,69.21,negative
2017-06-29,-0.0042,-0.0008,69.38,negative
2017-06-30,-0.0016,0.0002,68.78,negative
2017-07-03,0.0018,-0.1353,69.33,positive
2017-07-04,0.0092,-0.0523,69.33,positive
2017-07-05,-0.0115,-0.0159,68.255,negative
2017-07-06,0.0002,-0.0019,68.27,neutral
2017-07-07,-0.0099,-0.638,68.7,negative
2017-07-10,-0.0013,-0.0027,69.46,negative
2017-07-11,0.0,-0.0003,70.0,neutral
2017-07-12,-0.0002,-0.0003,70.69,negative
2017-07-13,-0.0008,0.0006,71.5,negative
2017-07-14,-0.0002,0.0006,72.24,negative
2017-07-17,0.0001,0.0007,72.8,neutral
2017-07-18,0.0022,0.001,73.09,positive
2017-07-19,0.0008,-0.0006,73.5,neutral
2017-07-20,0.0003,0.0018,74.18,neutral
2017-07-21,0.4,0.3273,73.45,positive
2017-07-24,0.0031,0.0019,73.53,positive
2017-07-25,0.0004,0.0019,73.8,neutral
2017-07-26,0.0002,0.0032,74.34,neutral
2017-07-27,0.0003,0.0007,73.76,neutral
2017-07-28,0.0057,0.0007,72.67,positive
2017-07-31,0.0018,0.0006,73.3,positive
2017-08-01,-0.0003,0.0005,73.1,negative
2017-08-02,0.0001,0.0017,72.55,neutral
2017-08-03,-0.0001,0.001,72.19,neutral
2017-08-04,0.0034,0.0005,72.4,positive
2017-08-07,-0.0014,0.0021,72.8,negative
2017-08-08,0.0002,0.0003,72.09,neutral
2017-08-09,0.0001,0.0021,72.25,neutral
2017-08-10,-0.0195,-0.0008,71.9,negative
2017-08-11,-0.0078,-0.002,71.61,negative
2017-08-14,0.0017,-0.0023,73.06,positive
2017-08-15,-0.0015,0.0009,73.59,negative
2017-08-16,0.0003,0.026,73.34,neutral
2017-08-17,-0.0001,0.0008,73.58,neutral
2017-08-18,-0.0001,0.0005,72.27,neutral
2017-08-21,0.0,0.0003,72.47,neutral
2017-08-22,0.0002,-0.0001,72.35,neutral
2017-08-23,0.0001,-0.0015,72.96,neutral
2017-08-24,0.0005,0.0004,72.74,neutral
2017-08-25,-0.0001,0.0003,72.86,neutral
2017-08-28,0.0,0.0021,73.06,neutral
2017-08-29,0.0,0.0007,72.25,neutral
2017-08-30,0.0004,0.0002,73.01,neutral
2017-08-31,0.0001,0.0002,74.03,neutral
2017-09-01,0.0007,0.0006,74.71,neutral
2017-09-04,0.0,-0.0004,74.71,neutral
2017-09-05,0.0,0.0003,73.34,neutral
2017-09-06,-0.0002,0.0001,73.74,negative
2017-09-07,-0.0005,-0.0015,73.68,negative
2017-09-08,0.0,-0.026,74.33,neutral
2017-09-11,-0.0003,0.0011,74.31,negative
2017-09-12,0.0009,0.0009,74.76,positive
2017-09-13,-0.0001,-0.0025,74.93,neutral
2017-09-14,0.0001,0.0059,75.0,neutral
2017-09-15,0.0001,0.0036,74.83,neutral
2017-09-18,0.0001,0.0009,75.23,neutral
2017-09-19,-0.0002,-0.0006,75.21,negative
2017-09-20,0.0012,0.0005,75.35,positive
2017-09-21,0.0003,0.0008,75.11,neutral
2017-09-22,0.0,0.0006,73.99,neutral
2017-09-25,0.0,0.0009,74.09,neutral
2017-09-26,0.0001,0.0,73.67,neutral
2017-09-27,0.0009,0.0001,73.55,positive
2017-09-28,0.0005,0.0002,73.54,neutral
2017-09-29,0.0002,0.0001,73.94,neutral
2017-10-02,0.0003,0.0005,74.71,neutral
2017-10-03,0.0,0.0001,74.67,neutral
2017-10-04,0.0,0.0001,74.0,neutral
2017-10-05,0.0005,0.0004,75.22,neutral
2017-10-06,0.0041,0.0024,75.67,positive
2017-10-09,-0.0001,0.0001,75.97,neutral
2017-10-10,-0.0001,-0.0003,76.33,neutral
2017-10-11,0.0,-0.0002,76.36,neutral
2017-10-12,-0.0003,-0.0002,76.49,negative
2017-10-13,0.0006,-0.0005,77.59,neutral
2017-10-16,0.0009,-0.0008,77.42,positive
2017-10-17,-0.0068,-0.008,77.47,negative
2017-10-18,-0.0004,-0.0026,77.67,negative
2017-10-19,-0.0011,-0.0016,77.57,negative
2017-10-20,-0.0012,0.011,78.32,negative
2017-10-23,-0.0001,0.0011,78.99,neutral
2017-10-24,-0.0278,-0.0905,78.9,negative
2017-10-25,-0.0281,-0.0123,78.58,negative
2017-10-26,-0.0002,-0.0012,79.2,negative
2017-10-27,0.2256,0.236,84.37,positive
2017-10-30,0.0445,0.0229,83.7,positive
2017-10-31,0.0046,0.0127,84.36,positive
2017-11-01,-0.0012,0.0101,83.68,negative
2017-11-02,0.0004,0.0168,83.35,neutral
2017-11-03,0.0018,0.003,84.08,positive
2017-11-06,-0.0003,0.0193,84.2,negative
2017-11-07,0.0,0.001,84.77,neutral
2017-11-08,0.0,-0.0124,84.14,neutral
2017-11-09,0.0003,-0.0012,84.11,neutral
2017-11-10,-0.0003,0.0047,83.79,negative
2017-11-13,0.0,0.0008,83.66,neutral
2017-11-14,0.0,-0.0015,83.5,neutral
2017-11-15,0.0007,-0.0023,83.47,neutral
2017-11-16,-0.0001,-0.002,83.1,neutral
2017-11-17,0.0003,-0.0021,83.12,neutral
2017-11-20,0.0,-0.0012,82.4,neutral
2017-11-21,-0.0003,0.0023,82.74,negative
2017-11-22,0.0001,-0.0058,83.83,neutral
2017-11-23,-0.0003,-0.0015,83.83,negative
2017-11-24,0.0,0.0007,83.01,neutral
2017-11-27,0.0001,0.0015,83.31,neutral
2017-11-28,0.0,0.0005,84.07,neutral
2017-11-29,0.0002,0.001,84.71,neutral
2017-11-30,0.0001,0.0005,83.51,neutral
2017-12-01,0.0001,0.001,83.6,neutral
2017-12-04,0.0,0.0134,84.42,neutral
2017-12-05,-0.0018,-0.0033,81.34,negative
2017-12-06,0.0,0.0004,81.55,neutral
2017-12-07,-0.0002,0.0007,82.54,negative
2017-12-08,-0.0011,0.0017,83.63,negative
2017-12-11,0.004,0.0018,84.29,positive
2017-12-12,0.0,0.0039,85.31,neutral
2017-12-13,0.0008,0.0029,85.74,neutral
2017-12-14,0.0004,-0.0009,85.43,neutral
2017-12-15,-0.0012,-0.0023,85.26,negative
2017-12-18,-0.0001,0.0045,87.12,neutral
2017-12-19,-0.0003,-0.0026,86.35,negative
2017-12-20,-0.0089,-0.0032,86.2,negative
2017-12-21,0.0008,0.0026,86.05,neutral
2017-12-22,0.0003,-0.001,85.4,neutral
2017-12-25,0.0,-0.0048,85.4,neutral
2017-12-26,0.0,-0.012,85.31,neutral
2017-12-27,-0.0007,0.0051,85.65,negative
2017-12-28,0.0002,0.0077,85.9,neutral
2017-12-29,-0.0026,0.0019,85.63,negative
2018-01-01,0.0,0.0019,85.63,neutral
2018-01-02,0.0,0.0184,86.125,neutral
2018-01-03,-0.0004,0.0007,86.055,negative
2018-01-04,-0.0005,0.0008,86.59,negative
2018-01-05,0.0001,0.0019,87.66,neutral
2018-01-08,0.0,0.0089,88.2,neutral
2018-01-09,-0.0017,-0.0009,88.65,negative
2018-01-10,-0.0077,-0.0372,87.86,negative
2018-01-11,0.0002,-0.0015,88.13,neutral
2018-01-12,-0.0004,0.0013,88.67,negative
2018-01-15,0.0002,-0.0097,88.67,neutral
2018-01-16,0.0007,0.003,90.1,neutral
2018-01-17,0.0004,0.002,89.08,neutral
2018-01-18,0.0,0.0019,89.8,neutral
2018-01-19,0.0003,0.0105,90.14,neutral
2018-01-22,-0.0005,-0.0161,90.0,negative
2018-01-23,-0.0001,0.026,91.9,neutral
2018-01-24,-0.0006,0.0104,92.55,negative
2018-01-25,0.0006,0.0173,92.465,neutral
2018-01-26,0.0001,0.0125,93.12,neutral
2018-01-29,-0.0114,0.023,95.14,negative
2018-01-30,-0.0093,0.0098,93.3,negative
2018-01-31,0.0003,0.0175,93.75,neutral
2018-02-01,0.1649,0.0701,94.79,positive
2018-02-02,-0.0151,0.0297,93.64,negative
2018-02-05,0.0034,0.0033,90.56,positive
2018-02-06,-0.0005,0.0129,86.89,negative
2018-02-07,-0.0006,0.0154,90.49,negative
2018-02-08,-0.003,-0.0104,89.71,negative
2018-02-09,0.0002,-0.0143,86.3,neutral
2018-02-12,-0.0001,0.0086,88.735,neutral
2018-02-13,-0.0006,-0.0166,88.93,negative
2018-02-14,-0.0004,-0.0089,88.51,negative
2018-02-15,0.0034,0.0047,91.21,positive
2018-02-16,0.0038,0.0073,92.45,positive
2018-02-19,-0.0001,-0.003,92.45,neutral
2018-02-20,0.0005,-0.0076,91.475,neutral
2018-02-21,-0.0001,0.0186,92.98,neutral
2018-02-22,0.0,0.0075,92.05,neutral
2018-02-23,0.0001,0.0046,92.75,neutral
2018-02-26,-0.0003,0.0012,94.4,negative
2018-02-27,0.0004,-0.002,95.74,neutral
2018-02-28,-0.0006,-0.0007,94.84,negative
2018-03-01,0.0,-0.0006,93.99,neutral
2018-03-02,-0.0001,-0.001,91.58,neutral
2018-03-05,0.0,0.0027,92.34,neutral
2018-03-06,-0.0009,0.0012,94.34,negative
2018-03-07,0.0002,0.0019,93.16,neutral
2018-03-08,0.0,0.0014,94.27,neutral
2018-03-09,0.0,0.0021,95.29,neutral
2018-03-12,0.0003,0.0021,96.5,neutral
2018-03-13,-0.0272,0.0015,97.0,negative
2018-03-14,-0.0304,-0.0076,95.12,negative
2018-03-15,-0.0109,-0.0036,93.53,negative
2018-03-16,-0.0019,-0.001,94.68,negative
2018-03-19,0.0002,0.0012,93.74,neutral
2018-03-20,0.0002,0.0121,93.05,neutral
2018-03-21,0.0016,0.0111,92.93,positive
2018-03-22,-0.0001,0.0021,91.265,neutral
2018-03-23,-0.0011,0.0041,89.5,negative
2018-03-26,0.0012,0.0106,90.61,positive
2018-03-27,0.0177,0.1799,94.94,positive
2018-03-28,-0.0034,0.0112,89.82,negative
2018-03-29,-0.0028,-0.0192,90.18,negative
2018-03-30,-0.0003,0.0036,90.18,negative
2018-04-02,-0.0021,-0.0015,90.47,negative
2018-04-03,-0.0002,0.003,89.575,negative
2018-04-04,-0.0013,-0.0042,87.85,negative
2018-04-05,-0.0002,-0.0084,92.435,negative
2018-04-06,-0.0009,-0.0109,91.49,negative
2018-04-09,0.0037,-0.0029,91.04,positive
2018-04-10,0.0,0.0045,92.39,neutral
2018-04-11,0.0002,-0.0027,92.01,neutral
2018-04-12,0.0,-0.0042,92.43,neutral
2018-04-13,0.0001,-0.0045,94.05,neutral
2018-04-16,-0.0012,0.007,94.07,negative
2018-04-17,-0.0003,-0.0021,95.0,negative
2018-04-18,-0.0115,-0.0041,96.22,negative
2018-04-19,-0.0006,-0.0042,96.44,negative
2018-04-20,0.0009,0.0044,95.91,positive
2018-04-23,0.0006,-0.0068,95.7436,neutral
2018-04-24,-0.0002,0.0068,96.242,negative
2018-04-25,-0.0017,0.0063,93.3,negative
2018-04-26,-0.0036,0.0079,93.55,negative
2018-04-27,0.2726,0.0616,97.6,positive
2018-04-30,0.0005,0.0083,96.33,neutral
2018-05-01,0.0018,0.0068,93.21,positive
2018-05-02,0.0015,0.0066,94.99,positive
2018-05-03,0.0006,0.004,92.96,neutral
2018-05-04,0.0013,0.0051,93.32,positive
2018-05-07,0.0047,0.0022,95.17,positive
2018-05-08,0.0,0.0009,95.8456,neutral
2018-05-09,0.0001,-0.0007,96.01,neutral
2018-05-10,0.0,0.0024,97.46,neutral
2018-05-11,0.0,0.0027,97.8,neutral
2018-05-14,0.0,0.0033,97.92,neutral
2018-05-15,-0.0001,0.0055,97.24,neutral
2018-05-16,0.0007,-0.001,97.36,neutral
2018-05-17,0.0033,0.0009,96.76,positive
2018-05-18,0.0006,-0.0021,96.01,neutral
2018-05-21,0.0,0.0025,97.0,neutral
2018-05-22,0.0002,0.0043,97.68,neutral
2018-05-23,0.0,0.0021,96.71,neutral
2018-05-24,0.0004,0.0058,98.725,neutral
2018-05-25,0.0,0.0021,98.3,neutral
2018-05-28,0.0,0.0017,98.3,neutral
2018-05-29,0.0001,0.0009,97.84,neutral
2018-05-30,0.0035,0.0116,98.31,positive
2018-05-31,0.0035,0.0186,99.29,positive
2018-06-01,0.0003,0.0145,99.2798,neutral
2018-06-04,-0.0001,0.0026,101.26,neutral
2018-06-05,0.0025,0.0116,102.0,positive
2018-06-06,0.0002,0.0062,102.48,neutral
2018-06-07,-0.0002,0.0021,102.65,negative
2018-06-08,-0.0005,0.0038,101.0924,negative
2018-06-11,0.0,0.0005,101.37,neutral
2018-06-12,-0.0013,0.0011,101.1,negative
2018-06-13,-0.0005,-0.0018,101.72,negative
2018-06-14,0.0001,-0.0013,101.65,neutral
2018-06-15,0.0001,0.0026,101.51,neutral
2018-06-18,-0.0006,-0.0023,100.01,negative
2018-06-19,0.0,0.0022,99.65,neutral
2018-06-20,0.0,0.0019,101.37,neutral
2018-06-21,0.0001,0.0025,102.075,neutral
2018-06-22,0.0001,-0.0014,100.41,neutral
2018-06-25,0.0,0.0048,100.0,neutral
2018-06-26,-0.003,-0.0029,98.82,negative
2018-06-27,-0.001,0.0031,99.58,negative
2018-06-28,-0.0002,0.0015,97.38,negative
2018-06-29,-0.0001,0.0016,98.93,neutral
2018-07-02,-0.0002,-0.0007,98.1,negative
2018-07-03,0.0001,0.0016,100.48,neutral
2018-07-04,0.0,0.0013,100.48,neutral
2018-07-05,0.0001,0.0004,99.5,neutral
2018-07-06,0.0,-0.0014,99.885,neutral
2018-07-09,-0.001,-0.0032,101.6452,negative
2018-07-10,0.0,0.0025,102.0,neutral
2018-07-11,0.0006,0.0087,101.15,neutral
2018-07-12,0.0003,0.0035,102.77,neutral
2018-07-13,0.0005,0.0123,104.37,neutral
2018-07-16,0.0035,0.0059,105.4,positive
2018-07-17,0.0001,0.0044,104.61,neutral
2018-07-18,0.0056,0.009,105.94,positive
2018-07-19,0.0022,0.0056,104.93,positive
2018-07-20,0.4642,0.0581,108.08,positive
2018-07-23,0.0024,0.0189,106.3,positive
2018-07-24,0.0052,0.0167,108.57,positive
2018-07-25,0.0016,0.0067,107.955,positive
2018-07-26,0.0013,0.0129,110.74,positive
2018-07-27,0.0005,0.0088,110.18,neutral
2018-07-30,0.0021,0.0023,107.19,positive
2018-07-31,0.0015,0.0072,106.49,positive
2018-08-01,0.0005,0.0033,106.03,neutral
2018-08-02,0.0011,0.0068,105.4,positive
2018-08-03,0.0003,0.0051,107.8,neutral
2018-08-06,-0.0006,0.0011,108.12,negative
2018-08-07,0.0,0.0022,108.56,neutral
2018-08-08,-0.0318,0.0037,109.33,negative
2018-08-09,-0.0118,0.0022,109.71,negative
2018-08-10,0.0005,-0.0038,109.42,neutral
2018-08-13,0.0001,-0.0012,109.24,neutral
2018-08-14,0.0006,0.0038,108.56,neutral
2018-08-15,0.0008,0.0034,108.49,neutral
2018-08-16,0.0,-0.001,108.3,neutral
2018-08-17,0.0,0.0025,107.36,neutral
2018-08-20,0.0,0.0054,107.51,neutral
2018-08-21,-0.0009,-0.0146,106.92,negative
2018-08-22,-0.0034,-0.0289,105.85,negative
2018-08-23,0.0006,-0.0077,107.15,neutral
2018-08-24,-0.0395,-0.0151,107.67,negative
2018-08-27,-0.0003,0.002,109.27,negative
2018-08-28,-0.0015,0.0048,109.94,negative
2018-08-29,0.0002,0.0031,110.45,neutral
2018-08-30,0.0011,0.0076,111.67,positive
2018-08-31,0.0003,0.0028,111.685,neutral
2018-09-03,0.0024,0.0031,111.685,positive
2018-09-04,0.0004,0.0014,110.85,neutral
2018-09-05,0.0,-0.0044,111.01,neutral
2018-09-06,-0.0002,-0.0034,108.25,negative
2018-09-07,0.0004,0.0021,108.23,neutral
2018-09-10,0.0,0.0005,108.84,neutral
2018-09-11,0.0002,0.0013,108.9,neutral
2018-09-12,0.0001,0.0049,111.43,neutral
2018-09-13,0.0005,0.002,112.12,neutral
2018-09-14,0.0011,0.0046,113.36,positive
2018-09-17,0.003,0.0027,113.69,positive
2018-09-18,0.0011,0.005,112.19,positive
2018-09-19,0.0039,0.0058,113.05,positive
2018-09-20,-0.0025,0.0066,112.28,negative
2018-09-21,0.0,0.0116,114.0,neutral
2018-09-24,-0.0006,0.0024,113.03,negative
2018-09-25,0.0,0.002,114.8,neutral
2018-09-26,0.0,0.0019,114.47,neutral
2018-09-27,0.0007,0.0017,114.78,neutral
2018-09-28,0.0,-0.001,114.19,neutral
2018-10-01,0.0,0.0007,114.75,neutral
2018-10-02,0.0002,0.0033,115.3,neutral
2018-10-03,0.0,0.0018,115.42,neutral
2018-10-04,0.0,0.0011,114.61,neutral
2018-10-05,0.0003,0.0031,112.63,neutral
2018-10-08,-0.0001,0.0012,111.66,neutral
2018-10-09,0.0022,0.0011,111.14,positive
2018-10-10,-0.0012,0.0034,111.24,negative
2018-10-11,-0.0004,-0.0045,105.35,negative
2018-10-12,0.0018,0.0032,109.01,positive
2018-10-15,0.0001,0.0019,108.91,neutral
2018-10-16,0.0,-0.0002,109.54,neutral
2018-10-17,0.0,0.0015,111.68,neutral
2018-10-18,-0.0005,0.001,110.1,negative
2018-10-19,-0.0075,0.0023,108.93,negative
2018-10-22,0.0016,-0.0023,109.32,positive
2018-10-23,0.0008,0.0017,107.77,neutral
2018-10-24,0.0035,0.0038,108.41,positive
2018-10-25,0.2899,0.1145,106.55,positive
2018-10-26,0.0881,0.0424,105.69,positive
2018-10-29,0.0023,0.0072,108.105,positive
2018-10-30,0.0012,0.0021,103.66,positive
2018-10-31,0.0007,-0.0034,105.435,neutral
2018-11-01,0.0007,0.002,107.05,neutral
2018-11-02,-0.0001,-0.0024,106.48,neutral
2018-11-05,-0.0001,0.0004,106.37,neutral
2018-11-06,-0.0004,0.001,107.38,negative
2018-11-07,0.0002,-0.0007,109.44,neutral
2018-11-08,0.0001,0.0019,111.8,neutral
2018-11-09,0.0,0.0011,110.85,neutral
2018-11-12,0.0002,0.0006,109.42,neutral
2018-11-13,-0.0002,-0.0013,107.55,negative
2018-11-14,0.0001,0.0011,108.1,neutral
2018-11-15,0.0,0.0007,104.99,neutral
2018-11-16,0.0,0.0014,107.08,neutral
2018-11-19,-0.0016,0.0014,108.27,negative
2018-11-20,0.0004,-0.0057,101.8,neutral
2018-11-21,-0.0001,-0.0022,103.6,neutral
2018-11-22,0.0003,0.0017,103.6,neutral
2018-11-23,-0.0001,-0.0026,102.17,neutral
2018-11-26,0.0007,0.0012,104.79,neutral
2018-11-27,-0.009,0.028,106.27,negative
2018-11-28,-0.0007,0.0099,107.89,negative
2018-11-29,0.003,0.0183,110.33,positive
2018-11-30,0.0036,0.005,110.7,positive
2018-12-03,-0.0016,0.0081,113.0,negative
2018-12-04,0.0088,0.0036,111.94,positive
2018-12-05,-0.0001,0.0025,111.94,neutral
2018-12-06,-0.0003,-0.0026,105.82,negative
2018-12-07,0.0002,-0.0014,108.38,neutral
2018-12-10,0.0023,0.0029,104.8,positive
2018-12-11,0.0003,0.0027,109.8,neutral
2018-12-12,-0.0001,0.0026,110.89,neutral
2018-12-13,0.0013,0.0023,109.58,positive
2018-12-14,0.0001,0.0018,108.25,neutral
2018-12-17,0.0012,0.0005,105.41,positive
2018-12-18,-0.0007,0.0072,103.75,negative
2018-12-19,0.0,0.0014,103.65,neutral
2018-12-20,0.0,0.0033,103.05,neutral
2018-12-21,-0.0002,-0.0033,101.63,negative
2018-12-24,0.0002,0.0023,97.68,neutral
2018-12-25,0.0006,-0.0135,97.68,neutral
2018-12-26,0.0023,0.0033,95.14,positive
2018-12-27,-0.0012,0.0065,99.3,negative
2018-12-28,0.0006,-0.0028,102.09,neutral
2018-12-31,0.0014,0.0021,101.29,positive
2019-01-01,0.0051,0.0046,101.29,positive
2019-01-02,-0.0001,0.0035,99.55,neutral
2019-01-03,0.0003,0.0051,100.1,neutral
2019-01-04,-0.0008,-0.0078,99.72,negative
2019-01-07,0.0002,-0.0014,101.64,neutral
2019-01-08,0.0117,0.0144,103.04,positive
2019-01-09,0.0039,0.0017,103.86,positive
2019-01-10,0.0008,0.0014,103.22,neutral
2019-01-11,-0.0004,0.0011,103.19,negative
2019-01-14,0.0011,-0.0032,101.9,positive
2019-01-15,-0.0002,0.0041,102.51,negative
2019-01-16,0.0004,0.0045,105.26,neutral
2019-01-17,0.0001,-0.0017,105.0,neutral
2019-01-18,0.0,0.0017,107.46,neutral
2019-01-21,0.0001,-0.0064,107.46,neutral
2019-01-22,0.0001,-0.0025,106.75,neutral
2019-01-23,-0.0008,-0.0026,106.12,negative
2019-01-24,-0.0001,-0.0038,106.86,neutral
2019-01-25,0.0001,0.0032,107.24,neutral
2019-01-28,0.0021,0.0155,106.26,positive
2019-01-29,0.0003,-0.0087,104.88,neutral
2019-01-30,0.0008,0.016,104.62,neutral
2019-01-31,0.1287,0.0785,103.8,positive
2019-02-01,-0.0136,-0.0261,103.775,negative
2019-02-04,0.0047,-0.0101,102.87,positive
2019-02-05,0.0017,0.0149,106.06,positive
2019-02-06,0.0044,0.0115,107.0,positive
2019-02-07,-0.0042,0.0103,105.185,negative
2019-02-08,-0.0003,-0.0043,104.39,negative
2019-02-11,0.0,-0.0088,106.2,neutral
2019-02-12,-0.0021,-0.0049,106.14,negative
2019-02-13,0.0002,-0.0053,107.5,neutral
2019-02-14,0.0059,-0.0078,106.31,positive
2019-02-15,0.0008,-0.0051,107.91,neutral
2019-02-18,-0.0046,-0.0055,107.91,negative
2019-02-19,-0.0017,-0.0187,107.79,negative
2019-02-20,-0.0011,-0.0086,107.86,negative
2019-02-21,0.0001,-0.0094,106.9,neutral
2019-02-22,0.0003,0.0145,110.05,neutral
2019-02-25,-0.0001,-0.0021,111.76,neutral
2019-02-26,0.0016,0.0028,111.26,positive
2019-02-27,0.0001,0.0057,111.69,neutral
2019-02-28,0.0001,0.0021,112.04,neutral
2019-03-01,0.0005,-0.004,112.89,neutral
2019-03-04,0.0,-0.0036,113.02,neutral
2019-03-05,-0.0002,-0.0064,112.25,negative
2019-03-06,0.0,0.0065,111.87,neutral
2019-03-07,0.0001,0.0057,111.4,neutral
2019-03-08,0.0,-0.004,109.16,neutral
2019-03-11,-0.0052,-0.0097,110.99,negative
2019-03-12,-0.0143,-0.02,112.82,negative
2019-03-13,-0.0023,-0.005,114.13,negative
2019-03-14,0.0008,0.0061,114.54,neutral
2019-03-15,0.0005,0.005,115.34,neutral
2019-03-18,-0.0001,0.0166,116.17,neutral
2019-03-19,0.0003,0.0295,118.09,neutral
2019-03-20,-0.0001,0.0046,117.39,neutral
2019-03-21,0.0001,0.0042,117.135,neutral
2019-03-22,-0.0002,0.0189,119.5,negative
2019-03-25,-0.0007,0.015,116.56,negative
2019-03-26,0.001,0.0233,118.62,positive
2019-03-27,0.0002,0.0128,117.875,neutral
2019-03-28,-0.0001,-0.0128,117.44,neutral
2019-03-29,0.0011,-0.0155,118.07,positive
2019-04-01,0.0004,0.0144,118.95,neutral
2019-04-02,-0.0002,0.0067,119.06,negative
2019-04-03,-0.001,-0.0066,119.86,negative
2019-04-04,-0.0008,0.0087,120.1,negative
2019-04-05,-0.0033,-0.008,119.39,negative
2019-04-08,0.0016,-0.0136,119.81,positive
2019-04-09,0.0001,0.0028,118.63,neutral
2019-04-10,-0.0001,0.0023,119.76,neutral
2019-04-11,-0.0001,0.007,120.54,neutral
2019-04-12,0.002,0.0089,120.64,positive
2019-04-15,-0.0001,-0.039,120.94,neutral
2019-04-16,-0.0009,-0.0225,121.64,negative
2019-04-17,0.0007,-0.0092,121.24,neutral
2019-04-18,0.0007,0.007,122.19,neutral
2019-04-19,0.0014,0.0086,122.19,positive
2019-04-22,0.0069,0.0057,122.62,positive
2019-04-23,0.0007,0.0053,124.1,neutral
2019-04-24,0.002,0.0125,125.79,positive
2019-04-25,0.543,0.1871,130.06,positive
2019-04-26,0.4977,0.1425,129.7,positive
2019-04-29,0.0022,0.0137,129.9,positive
2019-04-30,0.0008,0.0026,129.81,neutral
2019-05-01,0.0006,0.0184,130.53,neutral
2019-05-02,0.0023,0.0102,127.98,positive
2019-05-03,0.0005,0.0028,127.36,neutral
2019-05-06,0.0001,0.005,126.39,neutral
2019-05-07,0.0,0.0005,126.46,neutral
2019-05-08,0.0,-0.0014,125.44,neutral
2019-05-09,0.0006,0.0026,124.29,neutral
2019-05-10,-0.0001,-0.0013,124.91,neutral
2019-05-13,0.0012,-0.0047,124.11,positive
2019-05-14,0.0006,-0.0019,123.87,neutral
2019-05-15,0.0001,-0.0016,124.26,neutral
2019-05-16,0.0001,-0.0097,126.75,neutral
2019-05-17,0.0023,0.0014,128.305,positive
2019-05-20,-0.0004,0.0046,126.52,negative
2019-05-21,-0.0004,0.0018,127.43,negative
2019-05-22,-0.0001,0.0018,126.62,neutral
2019-05-23,0.0004,-0.0039,126.2,neutral
2019-05-24,0.0,-0.0019,126.91,neutral
2019-05-27,0.0007,0.0132,126.91,neutral
2019-05-28,0.0,0.0022,126.98,neutral
2019-05-29,0.0,0.0014,125.38,neutral
2019-05-30,0.0003,-0.0021,125.26,neutral
2019-05-31,0.0005,0.0017,124.23,neutral
2019-06-03,-0.001,-0.0019,123.85,negative
2019-06-04,-0.0009,-0.0039,121.28,negative
2019-06-05,-0.001,0.0031,124.95,negative
2019-06-06,0.0005,0.0014,126.44,neutral
2019-06-07,0.0,0.0045,129.19,neutral
2019-06-10,0.0,0.0019,132.4,neutral
2019-06-11,0.0003,0.0139,133.88,neutral
2019-06-12,-0.0007,0.0048,131.4,negative
2019-06-13,-0.0014,0.0041,131.98,negative
2019-06-14,0.0,0.0044,132.26,neutral
2019-06-17,0.0,0.0034,132.63,neutral
2019-06-18,-0.0001,0.0022,134.19,neutral
2019-06-19,0.0,0.0098,135.0,neutral
2019-06-20,0.0006,0.0126,137.45,neutral
2019-06-21,-0.0003,0.004,136.58,negative
2019-06-24,-0.0005,0.0017,137.0,negative
2019-06-25,-0.0042,0.0069,137.25,negative
2019-06-26,-0.0159,-0.0084,134.35,negative
2019-06-27,-0.0002,-0.0025,134.14,negative
2019-06-28,-0.0001,0.006,134.57,neutral
2019-07-01,0.0007,-0.0016,136.63,neutral
2019-07-02,0.0027,0.0075,136.12,positive
2019-07-03,0.0006,-0.0025,136.8,neutral
2019-07-04,0.0,0.0023,136.8,neutral
2019-07-05,-0.0002,0.0046,135.94,negative
2019-07-08,0.0001,0.0028,136.4,neutral
2019-07-09,-0.0001,-0.001,136.0,neutral
2019-07-10,-0.0002,-0.0024,137.13,negative
2019-07-11,0.0003,0.0084,138.2,neutral
2019-07-12,0.0042,0.0462,138.85,positive
2019-07-15,-0.0006,0.0129,139.44,negative
2019-07-16,0.004,0.005,138.96,positive
2019-07-17,0.0048,0.0073,137.7,positive
2019-07-18,0.0012,0.0135,135.55,positive
2019-07-19,0.3394,0.161,140.22,positive
2019-07-22,0.0075,0.0273,137.41,positive
2019-07-23,-0.1524,-0.0431,139.76,negative
2019-07-24,-0.0109,0.0174,138.9,negative
2019-07-25,-0.0047,0.0089,140.43,negative
2019-07-26,-0.0019,0.0092,140.37,negative
2019-07-29,-0.0005,0.0067,141.5,negative
2019-07-30,0.001,0.0023,140.14,positive
2019-07-31,0.0015,-0.0042,140.33,positive
2019-08-01,0.0002,0.0068,137.0,neutral
2019-08-02,0.001,0.0065,138.09,positive
2019-08-05,-0.0005,-0.0049,133.3,negative
2019-08-06,-0.0006,-0.0197,133.8,negative
2019-08-07,0.0004,-0.0142,133.79,neutral
2019-08-08,0.0,0.0017,136.6,neutral
2019-08-09,0.0001,0.0028,138.61,neutral
2019-08-12,-0.0001,0.0047,137.07,neutral
2019-08-13,-0.001,0.0025,136.05,negative
2019-08-14,0.0001,0.002,136.36,neutral
2019-08-15,0.0001,-0.0018,134.39,neutral
2019-08-16,0.0,-0.0021,134.88,neutral
2019-08-19,0.0007,-0.0037,137.855,neutral
2019-08-20,0.0008,0.0036,138.21,neutral
2019-08-21,0.0,0.0022,138.55,neutral
2019-08-22,0.0,0.001,138.66,neutral
2019-08-23,-0.0006,-0.0018,137.1897,negative
2019-08-26,0.0,0.0057,134.99,neutral
2019-08-27,0.0006,0.0021,136.39,neutral
2019-08-28,0.0002,0.0021,134.88,neutral
2019-08-29,0.0001,-0.0018,137.25,neutral
2019-08-30,0.0026,0.0131,139.15,positive
2019-09-02,0.0006,0.0125,139.15,neutral
2019-09-03,0.0002,0.0087,136.61,neutral
2019-09-04,-0.0002,0.002,137.3,negative
2019-09-05,-0.0021,0.0043,139.11,negative
2019-09-06,0.0001,0.0024,140.03,neutral
2019-09-09,0.0015,0.0014,139.59,positive
2019-09-10,-0.0004,-0.0111,136.8,negative
2019-09-11,-0.0024,-0.0044,135.91,negative
2019-09-12,-0.0026,-0.0066,137.85,negative
2019-09-13,0.0005,0.0046,137.78,neutral
2019-09-16,-0.0001,-0.0036,135.83,neutral
2019-09-17,-0.0006,0.0022,136.96,negative
2019-09-18,-0.004,0.0029,137.36,negative
2019-09-19,0.1482,0.0778,140.3,positive
2019-09-20,0.1029,0.0492,141.01,positive
2019-09-23,0.0033,0.0076,139.23,positive
2019-09-24,0.0007,0.0026,140.36,neutral
2019-09-25,0.0004,0.0011,137.5,neutral
2019-09-26,-0.0001,0.0033,139.44,neutral
2019-09-27,0.0011,0.0056,140.15,positive
2019-09-30,-0.0004,-0.0014,138.05,negative
2019-10-01,0.0045,0.0124,139.66,positive
2019-10-02,0.0004,-0.002,136.25,neutral
2019-10-03,0.0,-0.0006,134.95,neutral
2019-10-04,0.0002,0.0024,136.75,neutral
2019-10-07,0.0008,-0.0005,137.14,neutral
2019-10-08,0.0012,0.0105,137.08,positive
2019-10-09,-0.0023,0.0076,137.46,negative
2019-10-10,0.0007,0.002,138.49,neutral
2019-10-11,0.0032,0.0094,140.12,positive
2019-10-14,0.0047,0.0154,139.69,positive
2019-10-15,0.0021,0.0048,140.06,positive
2019-10-16,0.0001,0.0014,140.79,neutral
2019-10-17,0.0229,0.0066,140.95,positive
2019-10-18,0.0171,0.011,139.76,positive
2019-10-21,0.0032,0.0171,138.45,positive
2019-10-22,0.0003,0.0049,138.97,neutral
2019-10-23,0.0029,0.011,136.88,positive
2019-10-24,0.4301,0.1396,139.39,positive
2019-10-25,0.1371,0.0796,139.34,positive
2019-10-28,0.0262,0.1183,144.4,positive
2019-10-29,0.0292,0.046,144.08,positive
2019-10-30,0.0016,0.0172,143.52,positive
2019-10-31,0.0007,0.0069,144.9,neutral
2019-11-01,-0.0094,0.0077,144.26,negative
2019-11-04,0.0024,0.0145,144.83,positive
2019-11-05,0.0004,0.0088,144.97,neutral
2019-11-06,0.0004,0.0192,144.37,neutral
2019-11-07,-0.0037,0.0019,143.84,negative
2019-11-08,-0.0025,0.0013,143.98,negative
2019-11-11,-0.0011,0.0023,145.34,negative
2019-11-12,-0.0001,0.0063,146.28,neutral
2019-11-13,0.0002,0.0055,146.74,neutral
2019-11-14,0.0001,0.002,147.02,neutral
2019-11-15,0.0008,0.0268,148.93,neutral
2019-11-18,0.0018,0.0082,150.07,positive
2019-11-19,0.0001,0.0103,150.88,neutral
2019-11-20,-0.0027,0.0119,150.31,negative
2019-11-21,-0.0009,0.0038,149.4,negative
2019-11-22,0.0002,0.0055,150.07,neutral
2019-11-25,-0.0072,0.0037,150.0,negative
2019-11-26,-0.0006,0.0085,151.36,negative
2019-11-27,0.0,0.0054,152.33,neutral
2019-11-28,0.0001,0.0039,152.33,neutral
2019-11-29,0.0,0.0029,152.1,neutral
2019-12-02,0.0003,0.0028,151.81,neutral
2019-12-03,-0.0005,0.0028,147.49,negative
2019-12-04,0.0019,0.0041,150.14,positive
2019-12-05,0.0005,0.0046,150.05,neutral
2019-12-06,-0.0004,0.0081,150.99,negative
2019-12-09,0.0001,0.005,151.07,neutral
2019-12-10,-0.0086,-0.0091,151.29,negative
2019-12-11,0.0002,0.0059,151.54,neutral
2019-12-12,0.0014,0.0056,151.65,positive
2019-12-13,0.0006,0.0059,153.0035,neutral
2019-12-16,0.0004,0.0033,155.11,neutral
2019-12-17,-0.0021,0.0113,155.45,negative
2019-12-18,-0.0017,0.007,154.3,negative
2019-12-19,-0.0006,0.0025,154.0,negative
2019-12-20,0.0,0.0056,157.35,neutral
2019-12-23,-0.0043,0.0023,158.12,negative
2019-12-24,0.0006,0.0034,157.48,neutral
2019-12-25,-0.0037,0.0047,157.48,negative
2019-12-26,0.0,0.0057,157.56,neutral
2019-12-27,0.0441,0.018,159.45,positive
2019-12-30,0.0024,0.0166,158.9865,positive
2019-12-31,-0.0121,0.0085,156.77,negative
2020-01-01,0.0222,0.0327,156.77,positive
2020-01-02,0.0283,0.0036,158.78,positive
2020-01-03,0.0015,0.0106,158.32,positive
2020-01-06,0.0013,0.005,157.08,positive
2020-01-07,0.0008,0.0062,159.32,neutral
2020-01-08,0.0008,0.0034,158.93,neutral
2020-01-09,0.015,0.0292,161.835,positive
2020-01-10,0.0023,0.0168,162.8235,positive
2020-01-13,0.0003,0.0171,161.76,neutral
2020-01-14,-0.0006,0.0036,163.39,negative
2020-01-15,0.0001,0.0016,162.62,neutral
2020-01-16,0.0002,0.0018,164.35,neutral
2020-01-17,0.0004,-0.0189,167.42,neutral
2020-01-20,0.0009,0.0041,167.42,positive
2020-01-21,0.0019,0.0104,166.68,positive
2020-01-22,0.0008,0.0072,167.4,neutral
2020-01-23,0.0007,0.0076,166.19,neutral
2020-01-24,-0.0023,0.0091,167.51,negative
2020-01-27,0.012,0.0085,161.15,positive
2020-01-28,0.0023,0.0027,163.78,positive
2020-01-29,0.0085,0.0076,167.84,positive
2020-01-30,0.2744,0.1296,174.05,positive
2020-01-31,0.1016,0.0326,172.21,positive
2020-02-03,0.001,0.0086,170.43,positive
2020-02-04,0.0142,0.0214,177.14,positive
2020-02-05,0.0107,0.0343,184.03,positive
2020-02-06,0.0004,0.0084,180.97,neutral
2020-02-07,0.0014,0.0149,182.845,positive
2020-02-10,0.0001,0.0069,183.58,neutral
2020-02-11,-0.0026,0.0264,190.65,negative
2020-02-12,-0.0081,0.012,185.58,negative
2020-02-13,-0.0025,0.0104,183.08,negative
2020-02-14,-0.0369,-0.0156,183.25,negative
2020-02-17,0.0003,0.0043,183.25,neutral
2020-02-18,0.0004,0.0045,185.605,neutral
2020-02-19,0.0002,0.007,188.06,neutral
2020-02-20,0.0001,0.0059,186.95,neutral
2020-02-21,0.0001,0.0068,183.17,neutral
2020-02-24,0.0,-0.011,167.77,neutral
2020-02-25,-0.0001,-0.0084,174.2,neutral
2020-02-26,0.0006,-0.0136,169.71,neutral
2020-02-27,-0.0733,-0.0635,163.32,negative
2020-02-28,-0.0316,-0.0404,152.41,negative
2020-03-02,0.0,-0.0096,165.31,neutral
2020-03-03,0.0018,0.0087,173.8,positive
2020-03-04,-0.0004,0.005,168.485,negative
2020-03-05,0.0006,0.0027,166.045,neutral
2020-03-06,-0.0002,-0.0077,162.61,negative
2020-03-09,-0.0074,-0.0125,151.0,negative
2020-03-10,-0.001,-0.0156,158.16,negative
2020-03-11,0.001,-0.0103,157.13,positive
2020-03-12,0.0005,-0.0105,145.3,neutral
2020-03-13,-0.0025,-0.0232,147.5,negative
2020-03-16,0.0001,-0.009,140.0,neutral
2020-03-17,-0.0004,-0.0102,140.0,negative
2020-03-18,0.0001,-0.0094,138.0,neutral
2020-03-19,-0.0001,-0.0049,142.77,neutral
2020-03-20,0.0001,0.0066,146.0,neutral
2020-03-23,-0.0002,-0.005,137.01,negative
2020-03-24,-0.0001,-0.006,143.75,neutral
2020-03-25,-0.0007,0.0043,148.91,negative
2020-03-26,-0.0006,0.0033,148.4,negative
2020-03-27,-0.0008,0.0031,151.75,negative
2020-03-30,0.0004,0.008,152.44,neutral
2020-03-31,0.0053,0.0132,159.4,positive
2020-04-01,0.0024,-0.0088,153.0,positive
2020-04-02,-0.0004,-0.0052,151.86,negative
2020-04-03,0.0008,0.0048,155.1,neutral
2020-04-06,-0.0007,0.0022,160.32,negative
2020-04-07,0.0004,0.0058,169.585,neutral
2020-04-08,0.0,0.0038,165.67,neutral
2020-04-09,0.0016,-0.0026,166.36,positive
2020-04-10,0.0015,0.0023,166.36,positive
2020-04-13,0.0001,0.0026,164.35,neutral
2020-04-14,0.0,0.0035,169.0,neutral
2020-04-15,0.0002,0.0064,171.2,neutral
2020-04-16,-0.0062,0.0044,174.3,negative
2020-04-17,-0.0006,0.0065,179.5,negative
2020-04-20,0.008,0.0028,176.63,positive
2020-04-21,-0.0011,0.007,173.5,negative
2020-04-22,0.0018,0.0094,171.39,positive
2020-04-23,0.0006,0.0061,174.11,neutral
2020-04-24,0.0,0.0033,172.06,neutral
2020-04-27,0.0002,0.0045,176.59,neutral
2020-04-28,0.0002,0.0057,175.59,neutral
2020-04-29,0.0018,0.0102,173.22,positive
2020-04-30,0.237,0.1143,180.0,positive
2020-05-01,0.0236,0.016,175.8,positive
2020-05-04,0.0028,0.0052,174.49,positive
2020-05-05,0.0016,0.0086,180.62,positive
2020-05-06,0.0004,0.0057,182.08,neutral
2020-05-07,0.0001,0.0036,184.17,neutral
2020-05-08,0.0003,0.0034,184.9797,neutral
2020-05-11,0.0,-0.0027,183.15,neutral
2020-05-12,0.0,0.0036,186.8,neutral
2020-05-13,0.0,-0.0047,182.55,neutral
2020-05-14,-0.0001,0.0029,177.54,neutral
2020-05-15,0.0004,0.0063,179.06,neutral
2020-05-18,0.0014,0.0146,185.75,positive
2020-05-19,0.0013,0.0049,185.03,positive
2020-05-20,0.0,0.0015,184.81,neutral
2020-05-21,0.0001,0.0023,185.4,neutral
2020-05-22,0.0,0.0045,183.19,neutral
2020-05-25,0.0001,0.0018,183.19,neutral
2020-05-26,0.0002,0.0086,186.34,neutral
2020-05-27,0.0002,0.0037,180.2,neutral
2020-05-28,0.0002,0.0041,180.74,neutral
2020-05-29,0.0002,0.0048,182.73,neutral
2020-06-01,0.0002,0.0014,182.54,neutral
2020-06-02,0.0009,0.0091,184.25,positive
2020-06-03,0.0008,0.009,184.815,neutral
2020-06-04,0.0006,0.0047,184.3,neutral
2020-06-05,-0.0003,0.0033,182.62,negative
2020-06-08,0.001,0.0066,185.94,positive
2020-06-09,0.0007,0.0135,188.0,neutral
2020-06-10,0.0018,0.0133,191.125,positive
2020-06-11,0.001,0.0199,193.13,positive
2020-06-12,-0.0029,-0.0052,190.54,negative
2020-06-15,0.0,-0.0031,184.58,neutral
2020-06-16,0.0006,0.0021,192.89,neutral
2020-06-17,0.0006,0.0037,195.03,neutral
2020-06-18,0.0006,0.0042,194.0,neutral
2020-06-19,-0.0089,-0.002,198.59,negative
2020-06-22,-0.0088,0.0087,195.79,negative
2020-06-23,0.0005,-0.01,202.09,neutral
2020-06-24,-0.0001,0.015,201.6043,neutral
2020-06-25,0.0003,0.0059,197.8,neutral
2020-06-26,0.0,-0.0023,199.73,neutral
2020-06-29,-0.0001,-0.0219,195.78,neutral
2020-06-30,0.0003,0.004,197.8816,neutral
2020-07-01,0.0011,0.008,203.14,positive
2020-07-02,0.0002,0.0049,205.68,neutral
2020-07-03,0.0003,0.008,205.68,neutral
2020-07-06,0.0015,0.0064,208.8335,positive
2020-07-07,0.0008,0.0235,210.45,neutral
2020-07-08,-0.0012,0.0058,210.07,negative
2020-07-09,0.0026,0.015,216.33,positive
2020-07-10,0.0032,0.0111,213.62,positive
2020-07-13,0.0006,0.0056,214.48,neutral
2020-07-14,-0.0052,-0.0077,206.13,negative
2020-07-15,-0.0001,0.0087,209.56,neutral
2020-07-16,-0.0006,0.0146,205.4,negative
2020-07-17,0.0001,0.0103,204.47,neutral
2020-07-20,0.0124,0.0238,205.0,positive
2020-07-21,0.0158,0.0487,213.66,positive
2020-07-22,0.0013,0.0315,209.2,positive
2020-07-23,-0.1661,0.06,207.19,negative
2020-07-24,-0.0108,-0.0205,200.42,negative
2020-07-27,0.0013,0.0076,201.47,positive
2020-07-28,0.0019,0.0085,203.61,positive
2020-07-29,0.0004,0.0045,202.5,neutral
2020-07-30,-0.0005,-0.0024,201.0,negative
2020-07-31,-0.0008,0.0106,204.4,negative
2020-08-03,-0.0002,0.0027,211.52,negative
2020-08-04,0.0073,0.016,214.17,positive
2020-08-05,-0.0008,0.0061,214.9,negative
2020-08-06,-0.0002,0.0056,212.34,negative
2020-08-07,0.0001,0.0054,214.85,neutral
2020-08-10,-0.0012,0.0022,211.67,negative
2020-08-11,0.0017,0.005,207.155,positive
2020-08-12,-0.0003,0.0048,205.29,negative
2020-08-13,0.0004,0.0056,209.44,neutral
2020-08-14,-0.0001,0.003,208.76,neutral
2020-08-17,0.0006,0.0032,209.6,neutral
2020-08-18,0.0002,0.0035,210.53,neutral
2020-08-19,0.0001,0.0051,211.49,neutral
2020-08-20,0.0001,0.0079,209.54,neutral
2020-08-21,-0.0002,0.0112,213.86,negative
2020-08-24,-0.0003,-0.0032,214.79,negative
2020-08-25,-0.0006,-0.0045,213.1,negative
2020-08-26,-0.0004,0.007,217.88,negative
2020-08-27,0.0011,0.0082,222.89,positive
2020-08-28,0.0025,0.0101,228.18,positive
2020-08-31,0.0005,-0.0063,227.0,neutral
2020-09-01,-0.0095,0.0066,225.51,negative
2020-09-02,0.0003,0.0068,227.97,neutral
2020-09-03,0.0028,0.0096,229.27,positive
2020-09-04,-0.0069,-0.0263,215.1,negative
2020-09-07,0.0001,0.0078,215.1,neutral
2020-09-08,0.0,0.0062,206.5,neutral
2020-09-09,-0.003,-0.0123,207.6,negative
2020-09-10,0.0018,0.0146,213.4,positive
2020-09-11,-0.0034,-0.0163,207.2,negative
2020-09-14,0.0001,-0.0079,204.24,neutral
2020-09-15,0.0001,0.0046,208.42,neutral
2020-09-16,0.0007,0.0165,210.62,neutral
2020-09-17,-0.0008,0.0053,200.05,negative
2020-09-18,-0.0014,0.0069,202.8,negative
2020-09-21,-0.0005,0.0118,197.19,negative
2020-09-22,0.0004,0.026,205.06,neutral
2020-09-23,0.0,0.0072,207.9,neutral
2020-09-24,-0.0001,0.002,199.85,neutral
2020-09-25,0.0004,0.0031,203.55,neutral
2020-09-28,-0.0006,0.009,210.88,negative
2020-09-29,0.0001,-0.0234,209.35,neutral
2020-09-30,-0.0006,-0.0096,207.73,negative
2020-10-01,0.0004,0.0053,213.49,neutral
2020-10-02,0.0009,0.0028,208.0,positive
2020-10-05,0.0002,0.0019,207.22,neutral
2020-10-06,0.0004,0.0027,208.82,neutral
2020-10-07,-0.0002,-0.0032,207.06,negative
2020-10-08,-0.0004,-0.0039,210.51,negative
2020-10-09,0.0016,0.0042,211.23,positive
2020-10-12,-0.0006,0.0127,218.79,negative
2020-10-13,0.0017,-0.0188,222.72,positive
2020-10-14,0.0001,0.0096,223.0,neutral
2020-10-15,-0.0008,0.0029,217.1,negative
2020-10-16,-0.0013,0.0066,220.15,negative
2020-10-19,0.0004,0.0099,220.415,neutral
2020-10-20,0.0014,0.0063,215.8,positive
2020-10-21,-0.1324,-0.0094,213.12,negative
2020-10-22,-0.0348,-0.0074,213.93,negative
2020-10-23,-0.0021,0.0044,215.03,negative
2020-10-26,-0.0084,0.0034,213.85,negative
2020-10-27,-0.0013,-0.0066,211.59,negative
2020-10-28,0.2322,0.1119,207.67,positive
2020-10-29,0.013,-0.0136,204.07,positive
2020-10-30,0.0017,0.0165,203.5,positive
2020-11-02,-0.0012,0.0061,204.29,negative
2020-11-03,0.0021,0.0042,203.89,positive
2020-11-04,0.0018,0.0076,214.02,positive
2020-11-05,0.0081,0.0313,222.04,positive
2020-11-06,0.0039,0.0187,222.26,positive
2020-11-09,0.0,0.0035,224.435,neutral
2020-11-10,-0.0001,0.0049,214.5,neutral
2020-11-11,-0.0006,0.0036,212.39,negative
2020-11-12,-0.0014,0.006,217.21,negative
2020-11-13,0.0002,0.0023,216.36,neutral
2020-11-16,-0.0015,-0.0068,214.87,negative
2020-11-17,-0.0001,-0.0011,216.1,neutral
2020-11-18,0.0,0.0026,213.65,neutral
2020-11-19,-0.0014,0.0034,211.38,negative
2020-11-20,0.0002,0.0034,212.2,neutral
2020-11-23,0.0,0.0025,210.95,neutral
2020-11-24,0.0011,0.0041,209.59,positive
2020-11-25,0.0002,0.0078,215.11,neutral
2020-11-26,0.0035,0.0045,215.11,positive
2020-11-27,-0.001,0.0029,214.85,negative
2020-11-30,0.0,0.0023,214.1,neutral
2020-12-01,-0.0004,-0.0027,214.51,negative
2020-12-02,-0.0003,0.0062,214.88,negative
2020-12-03,-0.0007,0.0034,214.61,negative
2020-12-04,-0.0004,0.0018,214.22,negative
2020-12-07,-0.0001,0.0033,214.37,neutral
2020-12-08,0.0003,0.0057,213.97,neutral
2020-12-09,0.0002,-0.0054,215.16,neutral
2020-12-10,-0.0001,0.0032,211.77,neutral
2020-12-11,-0.0005,0.004,210.05,negative
2020-12-14,0.0003,-0.0116,213.1,neutral
2020-12-15,-0.0001,-0.0027,215.165,neutral
2020-12-16,-0.0019,0.0075,214.75,negative
2020-12-17,0.0039,0.0225,219.87,positive
2020-12-18,-0.0088,-0.0515,218.59,negative
2020-12-21,-0.0013,0.0178,217.55,negative
2020-12-22,-0.0082,0.0208,222.69,negative
2020-12-23,-0.0018,0.0068,223.11,negative
2020-12-24,-0.0002,-0.0096,221.42,negative
2020-12-25,-0.011,-0.1038,221.42,negative
2020-12-28,0.0064,-0.0126,224.45,positive
2020-12-29,0.0023,0.0106,226.31,positive
2020-12-30,0.0045,0.0113,225.23,positive
2020-12-31,0.0008,0.0085,221.7,neutral
2021-01-01,-0.0015,-0.015,221.7,negative
2021-01-04,-0.001,-0.0066,222.53,negative
2021-01-05,-0.0003,0.0071,217.26,negative
2021-01-06,-0.0018,-0.0062,212.17,negative
2021-01-07,-0.001,-0.0075,214.04,negative
2021-01-08,0.0,0.0073,218.68,neutral
2021-01-11,-0.0008,-0.0031,218.47,negative
2021-01-12,0.0,0.0035,216.5,neutral
2021-01-13,0.0,-0.0068,214.02,neutral
2021-01-14,0.0003,-0.0019,215.91,neutral
2021-01-15,0.0003,0.0027,213.52,neutral
2021-01-18,0.0,-0.0089,213.52,neutral
2021-01-19,0.0,-0.0065,213.75,neutral
2021-01-20,0.0032,0.0101,217.7,positive
2021-01-21,0.0009,0.0371,224.7,positive
2021-01-22,0.003,0.0144,227.08,positive
2021-01-25,0.0191,0.02,229.12,positive
2021-01-26,0.0193,0.0305,231.86,positive
2021-01-27,0.5805,0.2121,238.0,positive
2021-01-28,0.0494,0.0415,235.61,positive
2021-01-29,0.0025,0.0177,235.99,positive
2021-02-01,0.0007,0.0058,235.06,neutral
2021-02-02,0.0029,0.0145,241.3,positive
2021-02-03,0.0012,0.0059,239.57,positive
2021-02-04,0.0025,0.009,242.66,positive
2021-02-05,-0.0001,0.0022,242.23,neutral
2021-02-08,0.0014,-0.002,243.15,positive
2021-02-09,0.0021,0.0042,241.87,positive
2021-02-10,0.0042,0.0072,245.0,positive
2021-02-11,-0.0072,0.0051,244.78,negative
2021-02-12,0.0076,0.0026,243.9332,positive
2021-02-15,0.0002,-0.0293,243.9332,neutral
2021-02-16,0.0016,-0.0113,245.03,positive
2021-02-17,-0.0021,0.0039,241.32,negative
2021-02-18,-0.0036,0.0012,241.8,negative
2021-02-19,-0.0372,-0.0036,243.75,negative
2021-02-22,-0.0001,-0.0034,237.42,neutral
2021-02-23,-0.0003,-0.0039,230.325,negative
2021-02-24,-0.0041,-0.0044,230.01,negative
2021-02-25,0.0002,0.0026,232.08,neutral
2021-02-26,-0.0024,-0.0136,231.525,negative
2021-03-01,-0.003,-0.0041,235.9,negative
2021-03-02,0.0012,0.0014,237.01,positive
2021-03-03,0.0,-0.0103,232.155,neutral
2021-03-04,-0.0008,-0.0224,226.735,negative
2021-03-05,-0.0005,-0.0082,229.5165,negative
2021-03-08,-0.0197,-0.0762,231.37,negative
2021-03-09,-0.0084,-0.03,232.88,negative
2021-03-10,-0.0037,-0.0102,237.0,negative
2021-03-11,-0.0307,-0.008,234.96,negative
2021-03-12,-0.0032,-0.01,234.01,negative
2021-03-15,-0.0013,-0.0079,234.96,negative
2021-03-16,-0.0006,-0.006,236.28,negative
2021-03-17,-0.0029,-0.0066,236.15,negative
2021-03-18,-0.0001,-0.0031,232.56,neutral
2021-03-19,-0.0041,0.002,231.02,negative
2021-03-22,0.0001,0.0102,230.27,neutral
2021-03-23,0.0007,0.0105,237.485,neutral
2021-03-24,0.0017,0.0104,237.845,positive
2021-03-25,-0.0002,0.0027,235.3,negative
2021-03-26,0.0,0.0033,231.55,neutral
2021-03-29,-0.002,0.0026,236.59,negative
2021-03-30,-0.0001,-0.0032,233.525,neutral
2021-03-31,-0.0013,0.0032,232.91,negative
2021-04-01,0.0039,0.0815,238.47,positive
2021-04-02,0.0103,0.0199,238.47,positive
2021-04-05,0.0012,0.0131,242.76,positive
2021-04-06,0.0143,0.0308,247.61,positive
2021-04-07,0.0007,0.0038,247.81,neutral
2021-04-08,-0.0005,0.0089,252.77,negative
2021-04-09,-0.0043,0.0117,252.87,negative
2021-04-12,0.0038,0.061,254.71,positive
2021-04-13,0.0115,0.0766,257.2573,positive
2021-04-14,0.0012,0.0215,257.475,positive
2021-04-15,0.0,0.0061,257.931,neutral
2021-04-16,0.0003,0.0066,259.47,neutral
2021-04-19,0.0014,0.0106,260.19,positive
2021-04-20,-0.0001,0.0046,257.82,neutral
2021-04-21,-0.0004,0.0042,258.94,negative
2021-04-22,0.0016,0.0111,260.21,positive
2021-04-23,0.0002,0.0064,257.88,neutral
2021-04-26,0.0014,0.009,261.66,positive
2021-04-27,0.0036,0.0084,261.585,positive
2021-04-28,0.2918,0.1228,256.078,positive
2021-04-29,0.0524,0.0299,255.46,positive
2021-04-30,0.0048,-0.014,249.74,positive
2021-05-03,0.0045,0.0081,253.4,positive
2021-05-04,0.0001,0.0048,250.97,neutral
2021-05-05,-0.0001,0.006,249.06,neutral
2021-05-06,0.0005,0.0054,246.45,neutral
2021-05-07,-0.0002,0.0049,252.15,negative
2021-05-10,0.0,-0.0031,250.87,neutral
2021-05-11,-0.0019,-0.0067,244.55,negative
2021-05-12,0.0004,-0.0016,242.165,neutral
2021-05-13,-0.003,-0.0105,241.8,negative
2021-05-14,0.0051,0.0028,245.575,positive
2021-05-17,-0.006,-0.0177,246.55,negative
2021-05-18,-0.0042,-0.0165,246.27,negative
2021-05-19,-0.0095,-0.0024,239.31,negative
2021-05-20,-0.0019,0.0035,243.96,negative
2021-05-21,-0.0015,0.0027,247.565,negative
2021-05-24,-0.0001,0.0036,247.785,neutral
2021-05-25,0.0011,0.0054,251.769,positive
2021-05-26,0.0002,0.0034,251.43,neutral
2021-05-27,-0.0003,0.0018,251.17,negative
2021-05-28,-0.0001,-0.0217,250.995,neutral
2021-05-31,0.0005,-0.0045,250.995,neutral
2021-06-01,0.0001,-0.0058,251.23,neutral
2021-06-02,-0.0006,-0.003,248.125,negative
2021-06-03,0.0008,0.0023,245.22,neutral
2021-06-04,-0.0007,0.0031,247.76,negative
2021-06-07,-0.0001,0.0069,249.98,neutral
2021-06-08,0.0026,0.0045,255.16,positive
2021-06-09,0.0005,0.0027,253.81,neutral
2021-06-10,-0.0017,-0.0014,254.29,negative
2021-06-11,0.001,0.0032,257.985,positive
2021-06-14,0.0001,0.0007,257.9,neutral
2021-06-15,-0.0003,0.0027,259.775,negative
2021-06-16,-0.0002,-0.0023,259.4,negative
2021-06-17,0.001,0.0011,256.065,positive
2021-06-18,0.0008,0.0024,259.63,neutral
2021-06-21,0.0005,0.0039,259.82,neutral
2021-06-22,0.0024,0.0176,262.72,positive
2021-06-23,0.0281,0.064,265.99,positive
2021-06-24,0.0056,0.0107,266.16,positive
2021-06-25,0.0004,0.0031,266.23,neutral
2021-06-28,-0.0035,-0.0223,266.185,negative
2021-06-29,0.0009,0.0099,268.865,positive
2021-06-30,0.0009,-0.0071,270.69,positive
2021-07-01,-0.0007,-0.0016,269.61,negative
2021-07-02,0.0004,-0.0031,272.82,neutral
2021-07-05,0.0036,-0.0037,272.82,positive
2021-07-06,-0.0005,0.0022,278.03,negative
2021-07-07,-0.0078,0.0204,279.4,negative
2021-07-08,0.0003,0.0113,276.9,neutral
2021-07-09,0.0001,0.0046,275.72,neutral
2021-07-12,0.0037,0.0048,279.157,positive
2021-07-13,0.0003,-0.0037,277.52,neutral
2021-07-14,0.001,0.0215,282.345,positive
2021-07-15,-0.0003,0.0023,282.0,negative
2021-07-16,0.0003,0.0034,282.07,neutral
2021-07-19,-0.004,-0.2038,278.9335,negative
2021-07-20,-0.0368,-0.1262,278.03,negative
2021-07-21,-0.0021,-0.0166,278.905,negative
2021-07-22,-0.0055,0.0205,283.84,negative
2021-07-23,0.0189,0.0428,287.37,positive
2021-07-26,0.0021,0.0061,289.0,positive
2021-07-27,0.007,0.0084,289.43,positive
2021-07-28,0.3244,0.1474,288.99,positive
2021-07-29,0.0898,0.056,286.235,positive
2021-07-30,-0.0012,0.0078,285.17,negative
2021-08-02,0.0164,0.0028,286.36,positive
2021-08-03,0.0012,0.0032,285.42,positive
2021-08-04,0.0002,0.0028,286.22,neutral
2021-08-05,0.0001,-0.0016,286.88,neutral
2021-08-06,0.0011,0.0071,288.505,positive
2021-08-09,0.0002,0.0033,289.75,neutral
2021-08-10,-0.0015,0.0041,288.8,negative
2021-08-11,0.0004,0.0044,287.21,neutral
2021-08-12,0.0004,0.0017,286.63,neutral
2021-08-13,0.0,0.0081,289.48,neutral
2021-08-16,0.0034,0.0041,293.19,positive
2021-08-17,0.0003,0.012,292.39,neutral
2021-08-18,-0.0005,0.0029,292.04,negative
2021-08-19,0.0007,0.0066,288.6935,neutral
2021-08-20,0.011,0.0349,299.72,positive
2021-08-23,0.0001,0.0236,303.245,neutral
2021-08-24,0.0015,0.0183,305.02,positive
2021-08-25,-0.003,0.0045,304.3,negative
2021-08-26,-0.0004,0.0046,300.99,negative
2021-08-27,-0.0054,-0.0211,298.987,negative
2021-08-30,0.0001,0.0027,301.115,neutral
2021-08-31,0.001,0.0069,304.42,positive
2021-09-01,-0.0002,0.0017,302.865,negative
2021-09-02,0.0002,0.0045,302.2,neutral
2021-09-03,-0.0002,0.0022,300.99,negative
2021-09-06,0.0015,0.0052,300.99,positive
2021-09-07,0.0006,-0.0041,301.005,neutral
2021-09-08,0.0003,0.0029,299.78,neutral
2021-09-09,-0.0013,-0.0085,300.82,negative
2021-09-10,-0.0001,-0.0024,298.415,neutral
2021-09-13,-0.0001,-0.0022,297.55,neutral
2021-09-14,0.001,-0.004,299.56,positive
2021-09-15,0.0484,0.0861,303.26,positive
2021-09-16,0.0335,0.0266,303.76,positive
2021-09-17,0.0004,0.0096,304.17,neutral
2021-09-20,0.0,0.0058,296.33,neutral
2021-09-21,-0.0005,0.0153,295.69,negative
2021-09-22,0.0006,0.0047,296.725,neutral
2021-09-23,0.0,0.0025,298.845,neutral
2021-09-24,0.0021,0.0034,298.23,positive
2021-09-27,0.0,0.0107,296.14,neutral
2021-09-28,-0.0015,-0.0022,289.795,negative
2021-09-29,-0.0087,-0.0067,285.1,negative
2021-09-30,0.001,0.0044,285.71,positive
2021-10-01,-0.0007,0.002,282.1217,negative
2021-10-04,-0.0002,0.0048,287.4,negative
2021-10-05,-0.0009,-0.0077,284.0464,negative
2021-10-06,0.0017,0.0043,285.78,positive
2021-10-07,0.001,0.007,295.175,positive
2021-10-08,0.0003,0.0047,296.219,neutral
2021-10-11,-0.0015,0.0042,292.92,negative
2021-10-12,-0.0008,0.0047,295.34,negative
2021-10-13,-0.0001,-0.0031,294.91,neutral
2021-10-14,0.0002,0.0043,299.21,neutral
2021-10-15,0.0005,-0.1125,302.34,neutral
2021-10-18,0.0025,-0.0054,303.57,positive
2021-10-19,0.0014,0.0059,308.348,positive
2021-10-20,0.002,0.0067,309.21,positive
2021-10-21,0.0018,0.0121,307.1702,positive
2021-10-22,0.0001,0.0057,310.4,neutral
2021-10-25,0.0036,-0.011,309.36,positive
2021-10-26,0.0035,-0.0608,311.0,positive
2021-10-27,0.3285,0.1245,316.0,positive
2021-10-28,0.2203,0.0852,324.325,positive
2021-10-29,0.0091,0.0125,324.13,positive
2021-11-01,0.0061,0.004,331.355,positive
2021-11-02,0.0005,0.0065,330.31,neutral
2021-11-03,0.0008,0.0016,333.9,neutral
2021-11-04,0.0002,0.0015,332.89,neutral
2021-11-05,0.0006,0.002,338.51,neutral
2021-11-08,0.0,-0.0018,337.3,neutral
2021-11-09,0.0015,0.0059,337.1071,positive
2021-11-10,0.0001,0.0019,334.57,neutral
2021-11-11,-0.0002,-0.0026,331.25,negative
2021-11-12,0.0003,-0.0018,333.92,neutral
2021-11-15,-0.0001,0.0092,337.54,neutral
2021-11-16,0.0005,0.0035,335.68,neutral
2021-11-17,0.0006,0.0106,338.94,neutral
2021-11-18,-0.0001,-0.0042,338.18,neutral
2021-11-19,0.0012,0.004,342.64,positive
2021-11-22,0.0029,0.0034,344.62,positive
2021-11-23,0.0005,0.0102,337.05,neutral
2021-11-24,-0.0007,-0.005,336.28,negative
2021-11-25,-0.0004,-0.0038,336.28,negative
2021-11-26,-0.0003,-0.0046,334.35,negative
2021-11-29,-0.0063,-0.0019,334.94,negative
2021-11-30,0.0079,0.0024,335.32,positive
2021-12-01,-0.0009,0.0033,335.13,negative
2021-12-02,0.0006,0.0061,330.3,neutral
2021-12-03,0.0002,-0.0038,331.99,neutral
2021-12-06,-0.0007,-0.0021,323.95,negative
2021-12-07,0.001,0.0072,331.64,positive
2021-12-08,0.002,0.0045,335.31,positive
2021-12-09,-0.0002,0.0029,334.41,negative
2021-12-10,0.0,0.0052,334.98,neutral
2021-12-13,0.001,0.0037,340.68,positive
2021-12-14,-0.0012,0.0059,333.22,negative
2021-12-15,-0.0298,-0.0319,328.61,negative
2021-12-16,0.0006,-0.0061,335.71,neutral
2021-12-17,-0.0037,-0.0084,320.88,negative
2021-12-20,0.0071,-0.0082,320.05,positive
2021-12-21,-0.0034,0.0036,323.29,negative
2021-12-22,0.0035,0.014,328.3,positive
2021-12-23,0.002,0.0184,332.75,positive
2021-12-24,0.004,0.0071,332.75,positive
2021-12-27,0.013,0.0038,335.46,positive
2021-12-28,0.0409,0.0205,343.15,positive
2021-12-29,0.0083,0.0096,341.3,positive
2021-12-30,0.013,0.0102,341.91,positive
2021-12-31,0.0053,0.0053,338.51,positive
2022-01-03,0.0126,0.006,335.35,positive
2022-01-04,-0.0024,0.012,334.83,negative
2022-01-05,-0.0006,-0.0061,325.86,negative
2022-01-06,-0.0095,-0.017,313.15,negative
2022-01-07,-0.0036,0.0154,314.15,negative
2022-01-10,0.0016,-0.0042,309.485,positive
2022-01-11,0.017,-0.0069,313.38,positive
2022-01-12,0.0029,0.005,319.67,positive
2022-01-13,0.002,0.0096,320.4658,positive
2022-01-14,-0.0093,-0.0195,304.25,negative
2022-01-17,0.0017,-0.0334,304.25,positive
2022-01-18,0.0015,-0.0046,304.07,positive
2022-01-19,-0.0123,0.0573,306.29,negative
2022-01-20,-0.0276,0.02,309.07,negative
2022-01-21,0.0019,0.0085,302.685,positive
2022-01-24,0.0106,0.0095,292.2,positive
2022-01-25,-0.0117,0.0127,291.52,negative
2022-01-26,0.1044,0.0747,307.985,positive
2022-01-27,0.1397,0.0472,302.66,positive
2022-01-28,0.0103,0.0221,300.23,positive
2022-01-31,0.0052,0.007,308.95,positive
2022-02-01,0.0015,0.0083,310.41,positive
2022-02-02,0.0014,0.0067,309.63,positive
2022-02-03,0.0081,0.0086,309.49,positive
2022-02-04,-0.0019,-0.0048,300.21,negative
2022-02-07,0.0035,0.0045,306.17,positive
2022-02-08,0.0027,0.005,301.25,positive
2022-02-09,0.0176,0.0098,309.865,positive
2022-02-10,0.0046,0.0026,304.04,positive
2022-02-11,-0.0072,0.0039,303.19,negative
2022-02-14,0.0048,0.004,293.77,positive
2022-02-15,0.0006,0.0063,300.008,neutral
2022-02-16,0.0005,0.0099,298.365,neutral
2022-02-17,-0.0009,-0.006,296.36,negative
2022-02-18,0.0006,-0.0077,293.05,neutral
2022-02-21,-0.0001,0.0007,293.05,neutral
2022-02-22,-0.004,-0.0034,285.0,negative
2022-02-23,-0.0013,0.0026,290.18,negative
2022-02-24,-0.0008,-0.0061,272.51,negative
2022-02-25,0.0026,-0.0071,295.14,positive
2022-02-28,0.0027,-0.0015,294.31,positive
2022-03-01,-0.0004,-0.0037,296.4,negative
2022-03-02,-0.0002,0.0023,295.36,negative
2022-03-03,0.0006,-0.0036,302.89,neutral
2022-03-04,-0.0001,-0.0052,294.29,neutral
2022-03-07,-0.0003,0.0039,288.53,negative
2022-03-08,0.0014,-0.0094,277.8,positive
2022-03-09,0.0006,0.0032,283.44,neutral
2022-03-10,0.0017,-0.0029,283.02,positive
2022-03-11,-0.0007,-0.0023,287.96,negative
2022-03-14,0.0047,-0.0054,280.34,positive
2022-03-15,-0.001,-0.0044,280.35,negative
2022-03-16,0.0009,0.014,289.11,positive
2022-03-17,-0.0047,0.0017,293.29,negative
2022-03-18,-0.0024,0.0029,295.37,negative
2022-03-21,0.0052,0.0025,298.89,positive
2022-03-22,-0.0052,-0.0063,299.8,negative
2022-03-23,-0.007,-0.0246,300.51,negative
2022-03-24,-0.0068,-0.0196,299.14,negative
2022-03-25,0.0004,-0.0105,305.23,neutral
2022-03-28,-0.0233,-0.0046,304.33,negative
2022-03-29,0.0019,0.0048,313.91,positive
2022-03-30,0.001,0.0027,313.76,positive
2022-03-31,-0.0011,-0.003,313.9,negative
2022-04-01,-0.0016,0.0019,309.37,negative
2022-04-04,-0.0103,0.0053,310.09,negative
2022-04-05,0.0022,0.0025,313.27,positive
2022-04-06,0.0,0.0032,305.19,neutral
2022-04-07,-0.0082,-0.0058,296.66,negative
2022-04-08,-0.0002,-0.0132,300.44,negative
2022-04-11,-0.0003,-0.001,291.79,negative
2022-04-12,-0.0258,-0.0169,289.235,negative
2022-04-13,-0.0017,0.004,282.73,negative
2022-04-14,-0.0014,-0.0021,288.09,negative
2022-04-15,-0.0016,-0.0033,288.09,negative
2022-04-18,-0.0002,-0.0023,278.91,negative
2022-04-19,-0.0037,-0.0033,279.38,negative
2022-04-20,0.0007,0.0099,289.4,neutral
2022-04-21,0.0022,0.0031,288.58,positive
2022-04-22,-0.0007,-0.006,281.68,negative
2022-04-25,-0.0043,0.0092,273.29,negative
2022-04-26,-0.0032,0.0116,277.5,negative
2022-04-27,0.2654,0.0717,282.1,positive
2022-04-28,0.1452,0.0496,285.185,positive
2022-04-29,0.0033,0.0135,288.61,positive
2022-05-02,-0.0006,0.0076,277.71,negative
2022-05-03,0.0005,0.0121,283.96,neutral
2022-05-04,0.0017,-0.0077,282.59,positive
2022-05-05,0.0003,-0.0149,285.54,neutral
2022-05-06,-0.0012,-0.0156,274.805,negative
2022-05-09,0.0001,-0.0087,270.06,neutral
2022-05-10,-0.0025,-0.0123,271.69,negative
2022-05-11,0.0006,-0.0067,265.68,neutral
2022-05-12,-0.001,-0.0167,257.69,negative
2022-05-13,-0.002,-0.0215,257.35,negative
2022-05-16,0.0,0.0035,259.955,neutral
2022-05-17,0.0001,0.0069,266.11,neutral
2022-05-18,-0.0049,0.0059,263.0,negative
2022-05-19,-0.0082,-0.0084,253.9,negative
2022-05-20,-0.0016,-0.0038,257.24,negative
2022-05-23,0.0001,-0.0028,255.49,neutral
2022-05-24,0.0003,0.0044,257.89,neutral
2022-05-25,-0.0003,-0.0016,258.14,negative
2022-05-26,-0.0025,-0.0022,262.27,negative
2022-05-27,0.0012,-0.0034,268.48,positive
2022-05-30,-0.0003,0.0044,268.48,negative
2022-05-31,-0.0002,0.0017,272.53,negative
2022-06-01,-0.0003,0.0029,275.195,negative
2022-06-02,-0.0003,-0.0061,264.45,negative
2022-06-03,-0.1819,-0.1989,270.31,negative
2022-06-06,-0.0001,-0.0043,272.06,neutral
2022-06-07,-0.0009,-0.002,266.635,negative
2022-06-08,0.0013,-0.0067,271.71,positive
2022-06-09,-0.0011,-0.0108,267.78,negative
2022-06-10,-0.0001,-0.0021,260.58,neutral
2022-06-13,0.0,-0.0019,245.11,neutral
2022-06-14,-0.0024,-0.0067,243.86,negative
2022-06-15,0.0001,-0.003,248.31,neutral
2022-06-16,0.0002,-0.003,245.98,neutral
2022-06-17,-0.0004,-0.0057,244.7,negative
2022-06-20,-0.0001,0.0033,244.7,neutral
2022-06-21,0.0001,-0.0051,250.255,neutral
2022-06-22,-0.0001,-0.002,251.89,neutral
2022-06-23,-0.0002,0.0024,255.57,negative
2022-06-24,0.001,0.0034,261.808,positive
2022-06-27,0.0001,0.0039,268.205,neutral
2022-06-28,-0.0004,0.003,263.98,negative
2022-06-29,-0.0004,0.0043,257.59,negative
2022-06-30,0.003,0.0124,257.05,positive
2022-07-01,-0.0021,-0.0044,256.39,negative
2022-07-04,0.0,0.0016,256.39,neutral
2022-07-05,0.0001,-0.0041,256.16,neutral
2022-07-06,0.0004,-0.0055,263.75,neutral
2022-07-07,-0.0012,-0.015,265.12,negative
2022-07-08,0.0009,-0.0165,264.79,positive
2022-07-11,0.0,0.0034,265.65,neutral
2022-07-12,-0.0009,-0.0035,265.88,negative
2022-07-13,-0.0071,-0.0535,250.19,negative
2022-07-14,-0.0011,-0.0032,250.57,negative
2022-07-15,0.0003,-0.0054,255.72,neutral
2022-07-18,0.0001,0.0033,259.75,neutral
2022-07-19,0.001,-0.0031,257.575,positive
2022-07-20,0.0001,-0.0039,259.9,neutral
2022-07-21,-0.0046,-0.0108,259.79,negative
2022-07-22,0.0023,-0.0072,265.24,positive
2022-07-25,-0.0006,-0.0056,260.995,negative
2022-07-26,-0.0115,0.0101,259.86,negative
2022-07-27,-0.2093,-0.0815,261.16,negative
2022-07-28,0.1869,0.0292,269.75,positive
2022-07-29,0.0086,0.017,277.7,positive
2022-08-01,0.0021,-0.0065,277.82,positive
2022-08-02,0.0014,0.0069,276.0,positive
2022-08-03,0.0016,-0.0185,276.76,positive
2022-08-04,0.0006,-0.0068,281.8,neutral
2022-08-05,-0.0011,-0.0042,279.15,negative
2022-08-08,-0.0003,-0.0105,284.05,negative
2022-08-09,-0.0024,-0.0038,279.64,negative
2022-08-10,-0.0006,0.0028,288.17,negative
2022-08-11,0.0009,-0.0068,290.85,positive
2022-08-12,-0.0014,-0.0066,288.48,negative
2022-08-15,-0.0001,-0.0012,291.0,neutral
2022-08-16,-0.0004,0.0069,291.99,negative
2022-08-17,-0.0001,-0.0048,289.74,neutral
2022-08-18,-0.001,-0.0043,290.189,negative
2022-08-19,-0.0006,-0.0039,288.9,negative
2022-08-22,-0.0002,-0.0068,282.08,negative
2022-08-23,-0.0004,-0.0083,276.44,negative
2022-08-24,-0.0011,-0.0042,275.41,negative
2022-08-25,-0.0007,-0.0058,277.33,negative
2022-08-26,-0.0005,0.0029,279.08,negative
2022-08-29,-0.0012,-0.0063,265.85,negative
2022-08-30,-0.0009,-0.0069,266.67,negative
2022-08-31,-0.0005,-0.0031,265.39,negative
2022-09-01,-0.0002,-0.0015,258.87,negative
2022-09-02,-0.0026,-0.0055,261.695,negative
2022-09-05,-0.0008,-0.0044,261.695,negative
2022-09-06,-0.0001,0.0021,256.2,neutral
2022-09-07,-0.0011,-0.0066,254.7,negative
2022-09-08,0.0001,0.0042,257.51,neutral
2022-09-09,0.001,-0.0031,260.5,positive
2022-09-12,0.0,0.0103,265.78,neutral
2022-09-13,0.0005,0.002,258.84,neutral
2022-09-14,-0.002,-0.0124,253.53,negative
2022-09-15,-0.0016,-0.0035,249.77,negative
2022-09-16,-0.0146,-0.0181,244.26,negative
2022-09-19,0.0,-0.0077,242.465,neutral
2022-09-20,-0.0005,-0.0224,242.065,negative
2022-09-21,-0.0005,0.0256,244.27,negative
2022-09-22,-0.0007,-0.012,237.8704,negative
2022-09-23,-0.0004,-0.0059,239.54,negative
2022-09-26,0.0,-0.0059,237.045,neutral
2022-09-27,-0.0005,0.0032,239.98,negative
2022-09-28,-0.0005,0.0063,236.81,negative
2022-09-29,-0.0022,0.0038,238.89,negative
2022-09-30,-0.0013,-0.0208,238.29,negative
2022-10-03,0.0,-0.0049,235.41,neutral
2022-10-04,0.0009,-0.0059,245.09,positive
2022-10-05,0.0016,-0.0058,245.99,positive
2022-10-06,-0.0005,0.0019,247.93,negative
2022-10-07,-0.0008,-0.0029,240.902,negative
2022-10-10,-0.0013,0.0048,233.05,negative
2022-10-11,-0.0071,-0.016,227.62,negative
2022-10-12,-0.0001,-0.0024,225.4,neutral
2022-10-13,-0.0001,-0.0015,219.85,neutral
2022-10-14,0.0002,0.0041,235.54,neutral
2022-10-17,-0.0001,-0.0047,235.82,neutral
2022-10-18,0.0058,-0.1114,243.24,positive
2022-10-19,-0.0037,-0.0372,237.04,negative
2022-10-20,-0.0028,-0.0183,235.77,negative
2022-10-21,-0.0065,-0.0043,234.74,negative
2022-10-24,0.0005,-0.0039,243.76,neutral
2022-10-25,-0.0064,0.008,247.26,negative
2022-10-26,-0.2681,-0.1149,231.17,negative
2022-10-27,-0.2217,-0.1345,231.04,negative
2022-10-28,-0.0148,-0.0498,226.24,negative
2022-10-31,0.0011,-0.0026,233.76,positive
2022-11-01,-0.0071,0.008,234.6,negative
2022-11-02,-0.0027,0.0035,229.46,negative
2022-11-03,-0.0015,-0.0162,220.09,negative
2022-11-04,-0.0025,-0.0127,217.55,negative
2022-11-07,-0.0058,-0.0116,221.99,negative
2022-11-08,-0.0025,-0.0085,228.7,negative
2022-11-09,-0.017,-0.039,227.37,negative
2022-11-10,-0.0042,-0.0366,235.43,negative
2022-11-11,0.0031,-0.0401,242.99,positive
2022-11-14,-0.0019,-0.0039,241.985,negative
2022-11-15,-0.0019,-0.0137,245.66,negative
2022-11-16,0.0004,-0.0104,242.79,neutral
2022-11-17,-0.0002,-0.0011,237.78,negative
2022-11-18,-0.0007,0.0049,243.51,negative
2022-11-21,0.0,-0.0062,241.43,neutral
2022-11-22,0.0002,0.0024,243.59,neutral
2022-11-23,0.0007,0.005,245.105,neutral
2022-11-24,-0.0095,-0.0326,245.105,negative
2022-11-25,-0.0315,-0.0363,247.31,negative
2022-11-28,0.0,-0.0155,246.08,neutral
2022-11-29,-0.0016,-0.0058,241.4,negative
2022-11-30,-0.0011,-0.0046,240.57,negative
2022-12-01,0.0029,0.0121,253.87,positive
2022-12-02,-0.0257,0.0026,249.82,negative
2022-12-05,-0.0033,0.0025,252.01,negative
2022-12-06,-0.0006,0.0009,250.82,negative
2022-12-07,-0.0004,-0.0006,244.83,negative
2022-12-08,-0.0005,0.0048,244.84,negative
2022-12-09,-0.0174,-0.093,244.695,negative
2022-12-12,0.0011,0.0253,247.445,positive
2022-12-13,0.0101,0.015,261.69,positive
2022-12-14,0.0011,-0.0042,257.13,positive
2022-12-15,0.0007,-0.0051,253.72,neutral
2022-12-16,-0.0007,-0.005,248.55,negative
2022-12-19,-0.0003,-0.0058,244.86,negative
2022-12-20,-0.0023,-0.0134,239.4,negative
2022-12-21,-0.0019,-0.0428,241.69,negative
2022-12-22,-0.0407,-0.1474,241.255,negative
2022-12-23,-0.0418,-0.0522,236.11,negative
2022-12-26,-0.001,-0.0034,236.11,negative
2022-12-27,-0.003,-0.0103,238.7,negative
2022-12-28,-0.014,-0.0092,236.89,negative
2022-12-29,-0.0057,-0.0097,235.65,negative
2022-12-30,0.0023,0.0243,238.21,positive
2023-01-02,-0.0014,-0.0244,238.21,negative
2023-01-03,-0.0005,-0.0052,243.08,negative
2023-01-04,-0.0028,-0.0056,232.275,negative
2023-01-05,-0.0254,-0.0492,227.2,negative
2023-01-06,-0.0033,-0.0124,223.0,negative
2023-01-09,-0.0006,0.0045,226.45,negative
2023-01-10,-0.0002,0.0022,227.755,negative
2023-01-11,0.0004,0.002,231.29,neutral
2023-01-12,0.0026,0.0026,235.26,positive
2023-01-13,0.0003,0.0021,237.002,neutral
2023-01-16,0.0,-0.0017,237.002,neutral
2023-01-17,-0.0004,-0.0154,237.97,negative
2023-01-18,-0.0071,-0.2851,241.565,negative
2023-01-19,-0.0067,-0.6997,233.78,negative
2023-01-20,-0.0008,-0.2178,234.855,negative
2023-01-23,-0.0004,-0.0262,241.1,negative
2023-01-24,0.0006,-0.0097,242.5,neutral
2023-01-25,-0.1655,0.0749,234.48,negative
2023-01-26,-0.1058,-0.1072,243.65,negative
2023-01-27,-0.0009,-0.024,248.99,negative
2023-01-30,0.0,-0.0157,244.51,neutral
2023-01-31,-0.0027,-0.0113,243.45,negative
2023-02-01,0.0006,-0.0095,248.0,neutral
2023-02-02,0.0005,-0.0042,258.82,neutral
2023-02-03,0.0021,0.017,259.542,positive
2023-02-06,-0.0009,-0.0018,257.44,negative
2023-02-07,-0.0003,-0.0042,260.53,negative
2023-02-08,0.0072,0.0032,273.2,positive
2023-02-09,-0.0051,-0.0044,273.8,negative
2023-02-10,-0.0012,-0.011,261.53,negative
2023-02-13,0.0,0.0038,267.64,neutral
2023-02-14,0.0053,0.0175,272.67,positive
2023-02-15,0.0001,-0.0056,268.32,neutral
2023-02-16,-0.0006,-0.0053,264.02,negative
2023-02-17,-0.0006,-0.0019,259.39,negative
2023-02-20,-0.0002,-0.0013,259.39,negative
2023-02-21,-0.0007,-0.0031,254.48,negative
2023-02-22,-0.0005,-0.0017,254.09,negative
2023-02-23,-0.0003,-0.0017,255.56,negative
2023-02-24,0.0014,0.0033,249.96,positive
2023-02-27,0.0,-0.0011,252.46,neutral
2023-02-28,-0.0001,-0.0034,249.07,neutral
2023-03-01,-0.0003,-0.0031,250.76,negative
2023-03-02,-0.0004,-0.0018,246.55,negative
2023-03-03,0.0005,0.0008,252.19,neutral
2023-03-06,0.0,0.0013,256.425,neutral
2023-03-07,0.0001,0.0048,256.3,neutral
2023-03-08,-0.0012,-0.0038,254.04,negative
2023-03-09,-0.0005,-0.0016,255.82,negative
2023-03-10,0.0006,0.0031,251.08,neutral
2023-03-13,0.0001,-0.0021,247.4,neutral
2023-03-14,0.0019,0.0045,256.75,positive
2023-03-15,0.0003,0.0012,259.98,neutral
2023-03-16,0.0056,0.0033,265.205,positive
2023-03-17,0.0016,0.0018,278.26,positive
2023-03-20,-0.0002,0.0009,276.98,negative
2023-03-21,-0.0022,-0.0041,274.88,negative
2023-03-22,0.0009,0.0025,273.4,positive
2023-03-23,-0.0002,0.0095,277.94,negative
2023-03-24,0.0054,0.0021,277.24,positive
2023-03-27,0.0002,0.0017,280.5,neutral
2023-03-28,-0.0012,-0.0043,275.79,negative
2023-03-29,-0.0021,-0.0092,278.96,negative
2023-03-30,0.0029,-0.0022,284.23,positive
2023-03-31,0.0004,-0.0028,283.73,neutral
2023-04-03,0.0001,0.0024,286.52,neutral
2023-04-04,0.0007,-0.0038,287.23,neutral
2023-04-05,-0.0027,-0.0056,285.85,negative
2023-04-06,-0.0056,-0.0071,283.21,negative
2023-04-07,-0.0307,0.0124,283.21,negative
2023-04-10,-0.0001,-0.0037,289.208,neutral
2023-04-11,-0.0012,-0.0074,285.75,negative
2023-04-12,-0.0033,-0.0119,284.79,negative
2023-04-13,0.0043,-0.0073,283.59,positive
2023-04-14,0.0031,0.0034,287.0,positive
2023-04-17,-0.0005,-0.0037,289.93,negative
2023-04-18,-0.004,0.0047,291.57,negative
2023-04-19,0.0006,-0.0012,285.99,neutral
2023-04-20,-0.0073,-0.0577,285.25,negative
2023-04-21,-0.0031,-0.0318,285.01,negative
2023-04-24,-0.0069,0.0028,282.09,negative
2023-04-25,-0.0191,-0.0107,279.51,negative
2023-04-26,0.2518,0.1609,296.7,positive
2023-04-27,0.0409,0.0477,295.97,positive
2023-04-28,0.0084,0.0167,304.01,positive
2023-05-01,0.0099,0.0288,306.97,positive
2023-05-02,0.0011,0.0079,307.76,positive
2023-05-03,0.0007,-0.0039,306.62,neutral
2023-05-04,0.0003,-0.0051,306.24,neutral
2023-05-05,0.0031,0.0038,305.72,positive
2023-05-08,-0.0002,0.0091,310.13,negative
2023-05-09,-0.0007,-0.0144,308.0,negative
2023-05-10,0.0004,-0.0039,308.62,neutral
2023-05-11,0.0008,0.003,310.1,neutral
2023-05-12,0.0006,-0.0085,310.55,neutral
2023-05-15,0.0005,0.0017,309.095,neutral
2023-05-16,0.0009,0.0074,309.83,positive
2023-05-17,0.0002,0.005,312.29,neutral
2023-05-18,0.0004,0.0029,314.53,neutral
2023-05-19,-0.0291,-0.0446,316.74,negative
2023-05-22,-0.0015,0.007,318.6,negative
2023-05-23,0.001,0.0214,320.03,positive
2023-05-24,0.0001,0.0016,314.73,neutral
2023-05-25,0.0004,-0.0238,323.24,neutral
2023-05-26,0.0021,0.0065,324.02,positive
2023-05-29,-0.0005,0.0059,324.02,negative
2023-05-30,0.002,0.0119,335.23,positive
2023-05-31,0.0015,0.0063,332.29,positive
2023-06-01,0.0012,0.0101,325.93,positive
2023-06-02,-0.0014,0.0034,334.247,negative
2023-06-05,0.0001,0.0025,335.22,neutral
2023-06-06,-0.0604,-0.2088,335.33,negative
2023-06-07,-0.0215,-0.1175,331.65,negative
2023-06-08,-0.0069,-0.0215,323.935,negative
2023-06-09,-0.0015,0.0043,324.99,negative
2023-06-12,0.0,0.0013,328.58,neutral
2023-06-13,-0.0045,-0.049,334.465,negative
2023-06-14,-0.0009,-0.0639,334.34,negative
2023-06-15,0.0021,-0.0121,337.48,positive
2023-06-16,0.0562,0.0865,351.32,positive
2023-06-19,-0.0137,-0.0503,351.32,negative
2023-06-20,-0.0003,-0.0193,339.31,negative
2023-06-21,-0.0017,-0.0065,336.37,negative
2023-06-22,-0.0065,-0.011,334.12,negative
2023-06-23,-0.0005,-0.0022,334.36,negative
2023-06-26,-0.0007,0.0013,333.72,negative
2023-06-27,0.0021,-0.0026,331.86,positive
2023-06-28,0.0002,0.005,334.66,neutral
2023-06-29,-0.0008,0.0024,334.71,negative
2023-06-30,-0.0009,-0.0015,337.75,negative
2023-07-03,-0.0003,-0.0017,339.19,negative
2023-07-04,-0.0363,-0.0407,339.19,negative
2023-07-05,-0.0037,-0.0206,335.09,negative
2023-07-06,0.0012,0.0119,337.3,positive
2023-07-07,0.0079,0.0309,339.32,positive
2023-07-10,0.0007,0.0096,334.6,neutral
2023-07-11,-0.0048,-0.1114,331.06,negative
2023-07-12,0.0039,0.0266,336.6,positive
2023-07-13,-0.0166,-0.05,339.56,negative
2023-07-14,-0.007,-0.0089,347.59,negative
2023-07-17,-0.0017,-0.002,345.678,negative
2023-07-18,-0.0038,-0.0021,345.83,negative
2023-07-19,0.016,0.0635,361.75,positive
2023-07-20,0.0049,0.0093,353.57,positive
2023-07-21,0.0031,-0.0064,349.15,positive
2023-07-24,0.001,0.0024,345.85,positive
2023-07-25,0.0085,0.0106,347.11,positive
2023-07-26,0.1707,0.0993,341.44,positive
2023-07-27,-0.0734,-0.0237,340.48,negative
2023-07-28,-0.1357,-0.0761,333.67,negative
2023-07-31,-0.0006,0.0054,336.92,negative
2023-08-01,-0.0014,0.005,335.19,negative
2023-08-02,0.0004,0.0095,333.63,neutral
2023-08-03,-0.0041,-0.0283,326.0,negative
2023-08-04,-0.0075,-0.0227,331.88,negative
2023-08-07,0.001,0.0092,328.37,positive
2023-08-08,0.003,-0.0028,326.96,positive
2023-08-09,-0.0006,-0.0134,326.47,negative
2023-08-10,0.0006,0.0033,326.015,neutral
2023-08-11,-0.0143,-0.0055,320.26,negative
2023-08-14,-0.0007,-0.0024,321.39,negative
2023-08-15,-0.0023,0.0037,323.0,negative
2023-08-16,-0.0033,0.0053,320.8,negative
2023-08-17,-0.0009,0.0066,320.54,negative
2023-08-18,-0.001,-0.0791,314.49,negative
2023-08-21,0.0,-0.0015,317.93,neutral
2023-08-22,0.0032,0.0022,325.5,positive
2023-08-23,0.0018,0.0023,323.82,positive
2023-08-24,0.0065,0.0059,332.85,positive
2023-08-25,-0.0006,-0.007,321.47,negative
2023-08-28,0.0007,0.0012,325.66,neutral
2023-08-29,0.0002,0.0035,321.88,neutral
2023-08-30,0.0003,0.008,328.67,neutral
2023-08-31,-0.007,0.0047,329.2,negative
2023-09-01,-0.0082,0.0012,331.31,negative
2023-09-04,-0.0007,0.0021,331.31,negative
2023-09-05,-0.0004,0.0037,329.0,negative
2023-09-06,0.0017,0.0165,333.38,positive
2023-09-07,-0.0184,-0.0448,331.29,negative
2023-09-08,-0.0142,-0.029,330.09,negative
2023-09-11,-0.0053,0.0041,337.24,negative
2023-09-12,-0.0201,0.0053,335.815,negative
2023-09-13,-0.0204,-0.0127,331.31,negative
2023-09-14,0.0028,0.0051,339.148,positive
2023-09-15,0.0039,0.0129,336.92,positive
2023-09-18,-0.0007,0.0084,327.8,negative
2023-09-19,-0.0026,-0.0069,326.17,negative
2023-09-20,-0.0039,0.0103,329.51,negative
2023-09-21,-0.0062,0.0064,319.26,negative
2023-09-22,-0.0012,0.0013,321.32,negative
2023-09-25,0.0017,0.0028,316.59,positive
2023-09-26,-0.0059,0.0057,315.13,negative
2023-09-27,-0.0073,0.0082,312.3,negative
2023-09-28,-0.0015,-0.0112,310.99,negative
2023-09-29,0.0023,-0.0032,317.75,positive
2023-10-02,-0.001,0.0081,316.28,negative
2023-10-03,-0.0025,0.0022,320.83,negative
2023-10-04,-0.0078,-0.0023,314.03,negative
2023-10-05,-0.0059,-0.0132,319.09,negative
2023-10-06,-0.0032,-0.0091,316.55,negative
2023-10-09,0.0001,0.0033,324.75,neutral
2023-10-10,-0.0013,0.0091,330.96,negative
2023-10-11,-0.0034,-0.0053,331.21,negative
2023-10-12,-0.0531,-0.0635,330.565,negative
2023-10-13,-0.0067,-0.0113,332.38,negative
2023-10-16,0.0016,0.0028,331.05,positive
2023-10-17,0.0032,-0.044,329.59,positive
2023-10-18,-0.0011,-0.0084,332.49,negative
2023-10-19,-0.0073,0.004,332.15,negative
2023-10-20,-0.0069,-0.0096,331.72,negative
2023-10-23,0.0103,0.0108,325.47,positive
2023-10-24,0.0066,0.0094,331.3,positive
2023-10-25,0.345,0.2172,345.02,positive
2023-10-26,0.1633,0.0957,340.54,positive
2023-10-27,-0.0152,0.0227,330.425,negative
2023-10-30,0.0128,0.0405,333.41,positive
2023-10-31,0.0051,0.0101,338.85,positive
2023-11-01,0.0146,-0.0092,339.79,positive
2023-11-02,0.0219,0.0162,347.24,positive
2023-11-03,0.0209,0.0056,349.63,positive
2023-11-06,-0.0105,0.0098,353.45,negative
2023-11-07,0.0035,0.0127,359.4,positive
2023-11-08,0.017,0.0799,361.68,positive
2023-11-09,0.0079,0.0302,362.3,positive
2023-11-10,-0.0066,0.0069,361.49,negative
2023-11-13,0.0006,0.0182,368.22,neutral
2023-11-14,0.0006,0.0098,371.01,neutral
2023-11-15,0.005,0.0247,371.28,positive
2023-11-16,0.001,0.0019,370.96,positive
2023-11-17,0.0039,0.0122,373.61,positive
2023-11-20,0.0024,0.0035,371.22,positive
2023-11-21,0.0223,0.0187,375.67,positive
2023-11-22,-0.0037,-0.0032,378.0,negative
2023-11-23,0.0095,0.0201,378.0,positive
2023-11-24,0.0006,-0.0084,377.33,neutral
2023-11-27,-0.0002,-0.0051,376.78,negative
2023-11-28,0.0021,0.0154,378.35,positive
2023-11-29,0.0077,0.0142,383.76,positive
2023-11-30,-0.0012,0.0052,378.49,negative
2023-12-01,0.0031,0.0044,376.76,positive
2023-12-04,0.0006,-0.0094,369.1,neutral
2023-12-05,-0.0024,-0.0136,366.45,negative
2023-12-06,0.0051,-0.0041,373.54,positive
2023-12-07,-0.0048,-0.0012,368.23,negative
2023-12-08,0.006,0.0015,369.2,positive
2023-12-11,0.0037,-0.0035,368.48,positive
2023-12-12,-0.0018,-0.0029,370.85,negative
2023-12-13,0.0091,0.0046,376.02,positive
2023-12-14,0.0051,0.0122,373.31,positive
2023-12-15,-0.0167,-0.0092,366.85,negative
2023-12-18,0.0002,0.0106,369.45,neutral
2023-12-19,0.0012,0.0041,371.49,positive
2023-12-20,0.0042,0.0031,375.0,positive
2023-12-21,-0.009,-0.0064,372.56,negative
2023-12-22,0.0048,-0.01,373.68,positive
2023-12-25,0.0006,0.0027,373.68,neutral
2023-12-26,0.0012,0.0122,375.0,positive
2023-12-27,0.0083,0.0127,373.69,positive
2023-12-28,-0.2871,-0.829,375.37,negative
2023-12-29,0.0411,-0.1422,376.0,positive
2024-01-01,0.0002,-0.0076,376.0,neutral
2024-01-02,-0.0021,-0.019,373.86,negative
2024-01-03,-0.014,-0.0184,369.01,negative
2024-01-04,-0.003,-0.0031,370.665,negative
2024-01-05,-0.0021,0.0022,368.97,negative
2024-01-08,-0.0019,-0.0085,369.3,negative
2024-01-09,-0.0015,-0.0145,372.01,negative
2024-01-10,-0.005,-0.0069,376.37,negative
2024-01-11,0.0318,0.0412,386.0,positive
2024-01-12,0.0957,0.3343,385.49,positive
2024-01-15,0.0041,0.1413,385.49,positive
2024-01-16,0.0005,0.007,393.66,neutral
2024-01-17,0.0068,0.0179,387.98,positive
2024-01-18,-0.0031,0.0051,391.72,negative
2024-01-19,0.0048,0.0174,395.76,positive
2024-01-22,-0.0073,-0.0362,400.02,negative
2024-01-23,-0.0079,0.0618,395.75,negative
2024-01-24,0.0066,0.0108,401.54,positive
2024-01-25,0.2253,0.2916,404.32,positive
2024-01-26,0.0055,-0.1381,404.37,positive
2024-01-29,0.0229,0.0202,406.06,positive
2024-01-30,0.0104,0.0367,412.26,positive
2024-01-31,0.2278,0.197,406.96,positive
2024-02-01,-0.0322,0.0747,401.83,negative
2024-02-02,0.031,0.0515,403.81,positive
2024-02-05,0.0373,0.0087,409.9,positive
2024-02-06,-0.0011,0.0083,405.88,negative
2024-02-07,-0.0031,-0.0038,407.44,negative
2024-02-08,0.0003,-0.0092,414.05,neutral
2024-02-09,0.0012,-0.0114,415.25,positive
2024-02-12,0.0011,0.0144,420.555,positive
2024-02-13,0.0008,0.0057,404.94,neutral
2024-02-14,-0.0039,0.0072,408.07,negative
2024-02-15,0.0004,-0.0099,408.14,neutral
2024-02-16,0.0014,0.001,407.96,positive
2024-02-19,0.0014,0.0016,407.96,positive
2024-02-20,0.0001,0.0028,403.24,neutral
2024-02-21,-0.0044,-0.0024,400.17,negative
2024-02-22,-0.0013,0.0021,410.19,negative
2024-02-23,0.0174,0.0101,415.67,positive
2024-02-26,0.0001,0.0047,411.455,neutral
2024-02-27,-0.001,0.0037,407.99,negative
2024-02-28,-0.0041,-0.0101,408.175,negative
2024-02-29,-0.0025,-0.0082,408.64,negative
2024-03-01,0.0011,0.0036,411.27,positive
2024-03-04,0.0023,0.0021,413.44,positive
2024-03-05,-0.0036,0.0107,413.96,negative
2024-03-06,-0.0124,-0.0069,402.97,negative
2024-03-07,-0.0009,-0.0038,406.12,negative
2024-03-08,0.003,0.0087,407.96,positive
2024-03-11,-0.0012,-0.0281,403.762,negative
2024-03-12,-0.004,-0.0106,407.62,negative
2024-03-13,0.004,0.0122,418.1,positive
2024-03-14,-0.0004,0.0016,420.24,negative
2024-03-15,0.012,0.0323,419.29,positive
2024-03-18,-0.0012,-0.0018,414.25,negative
2024-03-19,0.001,-0.001,417.83,positive
2024-03-20,0.0014,0.0015,422.0,positive
2024-03-21,0.0003,-0.0034,429.83,neutral
2024-03-22,-0.0255,0.0052,429.7,negative
2024-03-25,-0.0056,0.0049,425.24,negative
2024-03-26,-0.0049,0.008,425.61,negative
2024-03-27,-0.0009,0.0047,424.44,negative
2024-03-28,-0.0031,-0.0019,420.96,negative
2024-03-29,-0.002,0.0004,420.96,negative
2024-04-01,-0.0391,0.0063,423.95,negative
2024-04-02,-0.0129,0.0037,420.11,negative
2024-04-03,-0.0217,-0.0296,419.73,negative
2024-04-04,-0.019,-0.0413,424.99,negative
2024-04-05,-0.0417,-0.0289,420.01,negative
2024-04-08,0.0002,-0.0034,425.17,neutral
2024-04-09,-0.0041,-0.0019,426.44,negative
2024-04-10,0.0012,-0.0029,422.19,positive
2024-04-11,-0.0032,-0.0025,425.82,negative
2024-04-12,-0.009,-0.0257,424.05,negative
2024-04-15,-0.0003,-0.0092,426.6,negative
2024-04-16,-0.0013,-0.0181,414.57,negative
2024-04-17,-0.0025,0.0023,417.25,negative
2024-04-18,-0.0049,0.0026,410.63,negative
2024-04-19,-0.0084,-0.0088,404.03,negative
2024-04-22,0.0016,-0.0035,400.08,positive
2024-04-23,0.0014,0.004,404.235,positive
2024-04-24,0.0027,0.0056,409.56,positive
2024-04-25,0.0037,0.0051,394.03,positive
2024-04-26,0.4251,0.2424,412.17,positive
2024-04-29,0.0536,0.0467,405.25,positive
2024-04-30,0.0032,0.0165,401.49,positive
2024-05-01,-0.0389,-0.079,392.61,negative
2024-05-02,0.0029,-0.0065,397.66,positive
2024-05-03,0.0057,0.0046,402.28,positive
2024-05-06,0.0008,0.0055,408.76,neutral
2024-05-07,-0.0037,0.0034,414.66,negative
2024-05-08,-0.002,-0.0048,408.17,negative
2024-05-09,0.0001,-0.0017,410.57,neutral
2024-05-10,0.0001,-0.0012,412.935,neutral
2024-05-13,-0.0193,-0.0108,418.01,negative
2024-05-14,-0.0032,-0.0041,412.02,negative
2024-05-15,0.0002,-0.002,417.9,neutral
